loc,lastmod,changefreq,priority,sitemap,sitemap_size_mb,download_date
https://www.royco.co.id/Ide-Resep/bola-tempe-mozzarella.html,2022-07-13 09:10:36.393000+00:00,daily,1.0,https://www.royco.co.id/sitemap.xml,0.1652364730834961,2022-07-21 07:52:26.256918+00:00
https://www.royco.co.id/Ide-Resep/sate-jamur-bumbu-rujak.html,2022-07-13 09:10:37.554000+00:00,daily,1.0,https://www.royco.co.id/sitemap.xml,0.1652364730834961,2022-07-21 07:52:26.256918+00:00
https://www.royco.co.id/Ide-Resep/nasi-bakar-rendang.html,2022-07-13 09:10:38.526000+00:00,daily,1.0,https://www.royco.co.id/sitemap.xml,0.1652364730834961,2022-07-21 07:52:26.256918+00:00
https://www.royco.co.id/Ide-Resep/ikan-kembung-bumbu-rujak.html,2022-07-13 09:10:39.513000+00:00,daily,1.0,https://www.royco.co.id/sitemap.xml,0.1652364730834961,2022-07-21 07:52:26.256918+00:00
https://www.royco.co.id/Ide-Resep/roti-john-isi-ayam-sambal-matah.html,2022-07-13 09:10:40.555000+00:00,daily,1.0,https://www.royco.co.id/sitemap.xml,0.1652364730834961,2022-07-21 07:52:26.256918+00:00
https://www.royco.co.id/Ide-Resep/sate-taichan-sambal-kecombrang.html,2022-07-13 09:10:41.638000+00:00,daily,1.0,https://www.royco.co.id/sitemap.xml,0.1652364730834961,2022-07-21 07:52:26.256918+00:00
https://www.royco.co.id/Ide-Resep/sayur-bening-daun-kelor.html,2022-07-13 09:10:42.600000+00:00,daily,1.0,https://www.royco.co.id/sitemap.xml,0.1652364730834961,2022-07-21 07:52:26.256918+00:00
https://www.royco.co.id/Ide-Resep/ayam-parape.html,2022-07-13 09:10:43.539000+00:00,daily,1.0,https://www.royco.co.id/sitemap.xml,0.1652364730834961,2022-07-21 07:52:26.256918+00:00
https://www.royco.co.id/Ide-Resep/ikan-goreng-dabu-dabu-papua.html,2022-07-13 09:10:44.548000+00:00,daily,1.0,https://www.royco.co.id/sitemap.xml,0.1652364730834961,2022-07-21 07:52:26.256918+00:00
https://www.royco.co.id/Ide-Resep/nasi-goreng-nanas.html,2022-07-13 09:10:45.565000+00:00,daily,1.0,https://www.royco.co.id/sitemap.xml,0.1652364730834961,2022-07-21 07:52:26.256918+00:00
https://www.royco.co.id/Ide-Resep/tumis-sapi-saos-bawang.html,2022-07-13 09:10:46.581000+00:00,daily,1.0,https://www.royco.co.id/sitemap.xml,0.1652364730834961,2022-07-21 07:52:26.256918+00:00
https://www.royco.co.id/Ide-Resep/rawon-ayam.html,2022-07-13 09:10:47.502000+00:00,daily,1.0,https://www.royco.co.id/sitemap.xml,0.1652364730834961,2022-07-21 07:52:26.256918+00:00
https://www.royco.co.id/Ide-Resep/125540.html,2022-07-13 09:10:48.463000+00:00,daily,1.0,https://www.royco.co.id/sitemap.xml,0.1652364730834961,2022-07-21 07:52:26.256918+00:00
https://www.royco.co.id/Ide-Resep/ayam-goreng-renyah.html,2022-07-13 09:10:52.726000+00:00,daily,1.0,https://www.royco.co.id/sitemap.xml,0.1652364730834961,2022-07-21 07:52:26.256918+00:00
https://www.royco.co.id/Ide-Resep/ayam-bakar-bumbu-rujak.html,2022-07-13 09:10:53.738000+00:00,daily,1.0,https://www.royco.co.id/sitemap.xml,0.1652364730834961,2022-07-21 07:52:26.256918+00:00
https://www.royco.co.id/Ide-Resep/tumis-pakcoy-saus-kepiting.html,2022-07-13 09:10:54.675000+00:00,daily,1.0,https://www.royco.co.id/sitemap.xml,0.1652364730834961,2022-07-21 07:52:26.256918+00:00
https://www.royco.co.id/Ide-Resep/ikan-goreng-telur-asin.html,2022-07-13 09:10:55.651000+00:00,daily,1.0,https://www.royco.co.id/sitemap.xml,0.1652364730834961,2022-07-21 07:52:26.256918+00:00
https://www.royco.co.id/Ide-Resep/keripik-kentang-berbumbu.html,2022-07-13 09:10:56.610000+00:00,daily,1.0,https://www.royco.co.id/sitemap.xml,0.1652364730834961,2022-07-21 07:52:26.256918+00:00
https://www.royco.co.id/Ide-Resep/nasi-goreng-jamur.html,2022-07-13 09:10:57.559000+00:00,daily,1.0,https://www.royco.co.id/sitemap.xml,0.1652364730834961,2022-07-21 07:52:26.256918+00:00
https://www.royco.co.id/Ide-Resep/ayam-goreng-thailand.html,2022-07-13 09:10:58.484000+00:00,daily,1.0,https://www.royco.co.id/sitemap.xml,0.1652364730834961,2022-07-21 07:52:26.256918+00:00
https://www.royco.co.id/Ide-Resep/suun-goreng.html,2022-07-13 09:10:59.362000+00:00,daily,1.0,https://www.royco.co.id/sitemap.xml,0.1652364730834961,2022-07-21 07:52:26.256918+00:00
https://www.royco.co.id/Ide-Resep/lodeh-ikan-asap.html,2022-07-13 09:11:00.407000+00:00,daily,1.0,https://www.royco.co.id/sitemap.xml,0.1652364730834961,2022-07-21 07:52:26.256918+00:00
https://www.royco.co.id/Ide-Resep/roti-isi-cakalang.html,2022-07-13 09:11:01.645000+00:00,daily,1.0,https://www.royco.co.id/sitemap.xml,0.1652364730834961,2022-07-21 07:52:26.256918+00:00
https://www.royco.co.id/Ide-Resep/ayam-goreng-cabai-garam.html,2022-07-13 09:11:02.646000+00:00,daily,1.0,https://www.royco.co.id/sitemap.xml,0.1652364730834961,2022-07-21 07:52:26.256918+00:00
https://www.royco.co.id/Ide-Resep/perkedel-bihun-daging-cincang.html,2022-07-13 09:11:03.632000+00:00,daily,1.0,https://www.royco.co.id/sitemap.xml,0.1652364730834961,2022-07-21 07:52:26.256918+00:00
https://www.royco.co.id/Ide-Resep/tempe-koin.html,2022-07-13 09:11:04.533000+00:00,daily,1.0,https://www.royco.co.id/sitemap.xml,0.1652364730834961,2022-07-21 07:52:26.256918+00:00
https://www.royco.co.id/Ide-Resep/misoa-jamur-udang.html,2022-07-13 09:11:05.596000+00:00,daily,1.0,https://www.royco.co.id/sitemap.xml,0.1652364730834961,2022-07-21 07:52:26.256918+00:00
https://www.royco.co.id/Ide-Resep/resep-tahu-tempe-endes.html,2022-07-13 09:11:06.552000+00:00,daily,1.0,https://www.royco.co.id/sitemap.xml,0.1652364730834961,2022-07-21 07:52:26.256918+00:00
https://www.royco.co.id/Ide-Resep/bakwan-enoki.html,2022-07-13 09:11:07.537000+00:00,daily,1.0,https://www.royco.co.id/sitemap.xml,0.1652364730834961,2022-07-21 07:52:26.256918+00:00
https://www.royco.co.id/Ide-Resep/sop-buntut.html,2022-07-13 09:11:08.445000+00:00,daily,1.0,https://www.royco.co.id/sitemap.xml,0.1652364730834961,2022-07-21 07:52:26.256918+00:00
https://www.royco.co.id/Ide-Resep/resep-onigiri.html,2022-07-13 09:11:09.371000+00:00,daily,1.0,https://www.royco.co.id/sitemap.xml,0.1652364730834961,2022-07-21 07:52:26.256918+00:00
https://www.royco.co.id/Ide-Resep/ayam-goreng-masak-lada.html,2022-07-13 09:11:10.292000+00:00,daily,1.0,https://www.royco.co.id/sitemap.xml,0.1652364730834961,2022-07-21 07:52:26.256918+00:00
https://www.royco.co.id/Ide-Resep/resep-tahu-kukus-kembang-sosis.html,2022-07-13 09:11:11.292000+00:00,daily,1.0,https://www.royco.co.id/sitemap.xml,0.1652364730834961,2022-07-21 07:52:26.256918+00:00
https://www.royco.co.id/Ide-Resep/kroket-ayam-mie.html,2022-07-13 09:11:12.308000+00:00,daily,1.0,https://www.royco.co.id/sitemap.xml,0.1652364730834961,2022-07-21 07:52:26.256918+00:00
https://www.royco.co.id/Ide-Resep/gurame-goreng-crispy.html,2022-07-13 09:11:13.245000+00:00,daily,1.0,https://www.royco.co.id/sitemap.xml,0.1652364730834961,2022-07-21 07:52:26.256918+00:00
https://www.royco.co.id/Ide-Resep/resep-ifumie-saus-jamur.html,2022-07-13 09:11:14.163000+00:00,daily,1.0,https://www.royco.co.id/sitemap.xml,0.1652364730834961,2022-07-21 07:52:26.256918+00:00
https://www.royco.co.id/Ide-Resep/brokoli-saus-jamur.html,2022-07-13 09:11:15.065000+00:00,daily,1.0,https://www.royco.co.id/sitemap.xml,0.1652364730834961,2022-07-21 07:52:26.256918+00:00
https://www.royco.co.id/Ide-Resep/resep-roti-kukus-isi-ayam-cincang.html,2022-07-13 09:11:16+00:00,daily,1.0,https://www.royco.co.id/sitemap.xml,0.1652364730834961,2022-07-21 07:52:26.256918+00:00
https://www.royco.co.id/Ide-Resep/ayam-suwir-bumbu-rendang.html,2022-07-13 09:11:16.920000+00:00,daily,1.0,https://www.royco.co.id/sitemap.xml,0.1652364730834961,2022-07-21 07:52:26.256918+00:00
https://www.royco.co.id/Ide-Resep/resep-nasi-tim-ikan-kakap-gurih.html,2022-07-13 09:11:17.856000+00:00,daily,1.0,https://www.royco.co.id/sitemap.xml,0.1652364730834961,2022-07-21 07:52:26.256918+00:00
https://www.royco.co.id/Ide-Resep/resep-sayur-katuk-kuah-soto.html,2022-07-13 09:11:18.837000+00:00,daily,1.0,https://www.royco.co.id/sitemap.xml,0.1652364730834961,2022-07-21 07:52:26.256918+00:00
https://www.royco.co.id/Ide-Resep/resep-tumis-buncis-daging-giling.html,2022-07-13 09:11:19.807000+00:00,daily,1.0,https://www.royco.co.id/sitemap.xml,0.1652364730834961,2022-07-21 07:52:26.256918+00:00
https://www.royco.co.id/Ide-Resep/ayam-goreng-kelapa.html,2022-07-13 09:11:20.814000+00:00,daily,1.0,https://www.royco.co.id/sitemap.xml,0.1652364730834961,2022-07-21 07:52:26.256918+00:00
https://www.royco.co.id/Ide-Resep/mushroom-soup.html,2022-07-13 09:11:21.770000+00:00,daily,1.0,https://www.royco.co.id/sitemap.xml,0.1652364730834961,2022-07-21 07:52:26.256918+00:00
https://www.royco.co.id/Ide-Resep/tahu-isi-sayuran-asam-manis.html,2022-07-13 09:11:22.718000+00:00,daily,1.0,https://www.royco.co.id/sitemap.xml,0.1652364730834961,2022-07-21 07:52:26.256918+00:00
https://www.royco.co.id/Ide-Resep/ayam-goreng-kecap-inggris.html,2022-07-13 09:11:23.762000+00:00,daily,1.0,https://www.royco.co.id/sitemap.xml,0.1652364730834961,2022-07-21 07:52:26.256918+00:00
https://www.royco.co.id/Ide-Resep/suwar-suwir-oncom-sosis.html,2022-07-13 09:11:24.743000+00:00,daily,1.0,https://www.royco.co.id/sitemap.xml,0.1652364730834961,2022-07-21 07:52:26.256918+00:00
https://www.royco.co.id/Ide-Resep/nasi-goreng-teri.html,2022-07-13 09:11:25.787000+00:00,daily,1.0,https://www.royco.co.id/sitemap.xml,0.1652364730834961,2022-07-21 07:52:26.256918+00:00
https://www.royco.co.id/Ide-Resep/nasi-goreng-hongkong.html,2022-07-13 09:11:26.798000+00:00,daily,1.0,https://www.royco.co.id/sitemap.xml,0.1652364730834961,2022-07-21 07:52:26.256918+00:00
https://www.royco.co.id/Ide-Resep/ayam-jeruk.html,2022-07-13 09:11:27.786000+00:00,daily,1.0,https://www.royco.co.id/sitemap.xml,0.1652364730834961,2022-07-21 07:52:26.256918+00:00
https://www.royco.co.id/Ide-Resep/lasagna-kulit-pangsit-kukus.html,2022-07-13 09:11:28.730000+00:00,daily,1.0,https://www.royco.co.id/sitemap.xml,0.1652364730834961,2022-07-21 07:52:26.256918+00:00
https://www.royco.co.id/Ide-Resep/nasi-goreng-kari.html,2022-07-13 09:11:29.650000+00:00,daily,1.0,https://www.royco.co.id/sitemap.xml,0.1652364730834961,2022-07-21 07:52:26.256918+00:00
https://www.royco.co.id/Ide-Resep/brocolli-and-cheese.html,2022-07-13 09:11:30.630000+00:00,daily,1.0,https://www.royco.co.id/sitemap.xml,0.1652364730834961,2022-07-21 07:52:26.256918+00:00
https://www.royco.co.id/Ide-Resep/ayam-goreng-madu.html,2022-07-13 09:11:31.582000+00:00,daily,1.0,https://www.royco.co.id/sitemap.xml,0.1652364730834961,2022-07-21 07:52:26.256918+00:00
https://www.royco.co.id/Ide-Resep/ayam-bumbu-hijau.html,2022-07-13 09:11:32.501000+00:00,daily,1.0,https://www.royco.co.id/sitemap.xml,0.1652364730834961,2022-07-21 07:52:26.256918+00:00
https://www.royco.co.id/Ide-Resep/resep-udang-tahu-tauco.html,2022-07-13 09:11:33.492000+00:00,daily,1.0,https://www.royco.co.id/sitemap.xml,0.1652364730834961,2022-07-21 07:52:26.256918+00:00
https://www.royco.co.id/Ide-Resep/martabak-mie-telur-kornet.html,2022-07-13 09:11:34.440000+00:00,daily,1.0,https://www.royco.co.id/sitemap.xml,0.1652364730834961,2022-07-21 07:52:26.256918+00:00
https://www.royco.co.id/Ide-Resep/sup-tomat-daging-asap.html,2022-07-13 09:11:35.445000+00:00,daily,1.0,https://www.royco.co.id/sitemap.xml,0.1652364730834961,2022-07-21 07:52:26.256918+00:00
https://www.royco.co.id/Ide-Resep/sup-krim-ayam-brokoli.html,2022-07-13 09:11:36.484000+00:00,daily,1.0,https://www.royco.co.id/sitemap.xml,0.1652364730834961,2022-07-21 07:52:26.256918+00:00
https://www.royco.co.id/Ide-Resep/tumis-sapi-dengan-jamur.html,2022-07-13 09:11:37.528000+00:00,daily,1.0,https://www.royco.co.id/sitemap.xml,0.1652364730834961,2022-07-21 07:52:26.256918+00:00
https://www.royco.co.id/Ide-Resep/nasi-goreng-crispy.html,2022-07-13 09:11:38.586000+00:00,daily,1.0,https://www.royco.co.id/sitemap.xml,0.1652364730834961,2022-07-21 07:52:26.256918+00:00
https://www.royco.co.id/Ide-Resep/nasi-goreng-rendang.html,2022-07-13 09:11:39.587000+00:00,daily,1.0,https://www.royco.co.id/sitemap.xml,0.1652364730834961,2022-07-21 07:52:26.256918+00:00
https://www.royco.co.id/Ide-Resep/nasi-goreng-cabe-hijau.html,2022-07-13 09:11:40.739000+00:00,daily,1.0,https://www.royco.co.id/sitemap.xml,0.1652364730834961,2022-07-21 07:52:26.256918+00:00
https://www.royco.co.id/Ide-Resep/nasi-goreng-ayam-laksa-siram.html,2022-07-13 09:11:42.303000+00:00,daily,1.0,https://www.royco.co.id/sitemap.xml,0.1652364730834961,2022-07-21 07:52:26.256918+00:00
https://www.royco.co.id/Ide-Resep/chocholate-molten-telur-asin.html,2022-07-13 09:11:43.364000+00:00,daily,1.0,https://www.royco.co.id/sitemap.xml,0.1652364730834961,2022-07-21 07:52:26.256918+00:00
https://www.royco.co.id/Ide-Resep/chicken-wings-saus-padang.html,2022-07-13 09:11:44.365000+00:00,daily,1.0,https://www.royco.co.id/sitemap.xml,0.1652364730834961,2022-07-21 07:52:26.256918+00:00
https://www.royco.co.id/Ide-Resep/tumis-labu-siam-tongkol.html,2022-07-13 09:11:45.370000+00:00,daily,1.0,https://www.royco.co.id/sitemap.xml,0.1652364730834961,2022-07-21 07:52:26.256918+00:00
https://www.royco.co.id/Ide-Resep/grilled-banana-with-salted-caramel-sauce-and-corn-custard.html,2022-07-13 09:11:46.380000+00:00,daily,1.0,https://www.royco.co.id/sitemap.xml,0.1652364730834961,2022-07-21 07:52:26.256918+00:00
https://www.royco.co.id/Ide-Resep/tumis-kailan-bawang-putih.html,2022-07-13 09:11:47.376000+00:00,daily,1.0,https://www.royco.co.id/sitemap.xml,0.1652364730834961,2022-07-21 07:52:26.256918+00:00
https://www.royco.co.id/Ide-Resep/udang-pun-tahu.html,2022-07-13 09:11:48.332000+00:00,daily,1.0,https://www.royco.co.id/sitemap.xml,0.1652364730834961,2022-07-21 07:52:26.256918+00:00
https://www.royco.co.id/Ide-Resep/sup-ayam-pedas-jamur.html,2022-07-13 09:11:51.911000+00:00,daily,1.0,https://www.royco.co.id/sitemap.xml,0.1652364730834961,2022-07-21 07:52:26.256918+00:00
https://www.royco.co.id/Ide-Resep/risoles-ayam-telur-asin.html,2022-07-13 09:11:52.819000+00:00,daily,1.0,https://www.royco.co.id/sitemap.xml,0.1652364730834961,2022-07-21 07:52:26.256918+00:00
https://www.royco.co.id/Ide-Resep/resep-cabe-brokoli.html,2022-07-13 09:11:53.782000+00:00,daily,1.0,https://www.royco.co.id/sitemap.xml,0.1652364730834961,2022-07-21 07:52:26.256918+00:00
https://www.royco.co.id/Ide-Resep/ayam-goreng-nasi-tutug-oncom.html,2022-07-13 09:11:54.703000+00:00,daily,1.0,https://www.royco.co.id/sitemap.xml,0.1652364730834961,2022-07-21 07:52:26.256918+00:00
https://www.royco.co.id/Ide-Resep/sup-bakso-ayam-serabut.html,2022-07-13 09:11:55.674000+00:00,daily,1.0,https://www.royco.co.id/sitemap.xml,0.1652364730834961,2022-07-21 07:52:26.256918+00:00
https://www.royco.co.id/Ide-Resep/ayam-kung-pao.html,2022-07-13 09:11:56.647000+00:00,daily,1.0,https://www.royco.co.id/sitemap.xml,0.1652364730834961,2022-07-21 07:52:26.256918+00:00
https://www.royco.co.id/Ide-Resep/ayam-goreng-oriental.html,2022-07-13 09:11:57.665000+00:00,daily,1.0,https://www.royco.co.id/sitemap.xml,0.1652364730834961,2022-07-21 07:52:26.256918+00:00
https://www.royco.co.id/Ide-Resep/resep-kari-bihun-medan.html,2022-07-13 09:11:58.637000+00:00,daily,1.0,https://www.royco.co.id/sitemap.xml,0.1652364730834961,2022-07-21 07:52:26.256918+00:00
https://www.royco.co.id/Ide-Resep/soto-ayam-ala-kc.html,2022-07-13 09:11:59.608000+00:00,daily,1.0,https://www.royco.co.id/sitemap.xml,0.1652364730834961,2022-07-21 07:52:26.256918+00:00
https://www.royco.co.id/Ide-Resep/ikan-goreng-siram-bumbu-taliwang.html,2022-07-13 09:12:00.614000+00:00,daily,1.0,https://www.royco.co.id/sitemap.xml,0.1652364730834961,2022-07-21 07:52:26.256918+00:00
https://www.royco.co.id/Ide-Resep/nasi-gurih.html,2022-07-13 09:12:01.580000+00:00,daily,1.0,https://www.royco.co.id/sitemap.xml,0.1652364730834961,2022-07-21 07:52:26.256918+00:00
https://www.royco.co.id/Ide-Resep/tahu-sumedang-isi-sayuran.html,2022-07-13 09:12:02.526000+00:00,daily,1.0,https://www.royco.co.id/sitemap.xml,0.1652364730834961,2022-07-21 07:52:26.256918+00:00
https://www.royco.co.id/Ide-Resep/chicken-ravioli-goreng.html,2022-07-13 09:12:03.488000+00:00,daily,1.0,https://www.royco.co.id/sitemap.xml,0.1652364730834961,2022-07-21 07:52:26.256918+00:00
https://www.royco.co.id/Ide-Resep/ayam-pelalah.html,2022-07-13 09:12:04.498000+00:00,daily,1.0,https://www.royco.co.id/sitemap.xml,0.1652364730834961,2022-07-21 07:52:26.256918+00:00
https://www.royco.co.id/Ide-Resep/makaroni-keju.html,2022-07-13 09:12:05.534000+00:00,daily,1.0,https://www.royco.co.id/sitemap.xml,0.1652364730834961,2022-07-21 07:52:26.256918+00:00
https://www.royco.co.id/Ide-Resep/resep-tumis-taoge-ikan-asin.html,2022-07-13 09:12:06.562000+00:00,daily,1.0,https://www.royco.co.id/sitemap.xml,0.1652364730834961,2022-07-21 07:52:26.256918+00:00
https://www.royco.co.id/Ide-Resep/ayam-goreng-sambal-ebi.html,2022-07-13 09:12:07.705000+00:00,daily,1.0,https://www.royco.co.id/sitemap.xml,0.1652364730834961,2022-07-21 07:52:26.256918+00:00
https://www.royco.co.id/Ide-Resep/ayam-goreng-tomat-pedas.html,2022-07-13 09:12:08.740000+00:00,daily,1.0,https://www.royco.co.id/sitemap.xml,0.1652364730834961,2022-07-21 07:52:26.256918+00:00
https://www.royco.co.id/Ide-Resep/balado-terong-ebi.html,2022-07-13 09:12:09.804000+00:00,daily,1.0,https://www.royco.co.id/sitemap.xml,0.1652364730834961,2022-07-21 07:52:26.256918+00:00
https://www.royco.co.id/Ide-Resep/kolak-ubi-ungu.html,2022-07-13 09:12:10.769000+00:00,daily,1.0,https://www.royco.co.id/sitemap.xml,0.1652364730834961,2022-07-21 07:52:26.256918+00:00
https://www.royco.co.id/Ide-Resep/bubur-kacang-hijau.html,2022-07-13 09:12:11.765000+00:00,daily,1.0,https://www.royco.co.id/sitemap.xml,0.1652364730834961,2022-07-21 07:52:26.256918+00:00
https://www.royco.co.id/Ide-Resep/telur-dadar-bayam.html,2022-07-13 09:12:12.671000+00:00,daily,1.0,https://www.royco.co.id/sitemap.xml,0.1652364730834961,2022-07-21 07:52:26.256918+00:00
https://www.royco.co.id/Ide-Resep/resep-kari-future50foods.html,2022-07-13 09:12:13.577000+00:00,daily,1.0,https://www.royco.co.id/sitemap.xml,0.1652364730834961,2022-07-21 07:52:26.256918+00:00
https://www.royco.co.id/Ide-Resep/daging-salad-mangga-bengkuang.html,2022-07-13 09:12:14.482000+00:00,daily,1.0,https://www.royco.co.id/sitemap.xml,0.1652364730834961,2022-07-21 07:52:26.256918+00:00
https://www.royco.co.id/Ide-Resep/bakso-tahu-crispy-jamur-saos-mozzarella.html,2022-07-13 09:12:15.375000+00:00,daily,1.0,https://www.royco.co.id/sitemap.xml,0.1652364730834961,2022-07-21 07:52:26.256918+00:00
https://www.royco.co.id/Ide-Resep/bandeng-bumbu-bali.html,2022-07-13 09:12:16.382000+00:00,daily,1.0,https://www.royco.co.id/sitemap.xml,0.1652364730834961,2022-07-21 07:52:26.256918+00:00
https://www.royco.co.id/Ide-Resep/cumi-asin-asam.html,2022-07-13 09:12:17.349000+00:00,daily,1.0,https://www.royco.co.id/sitemap.xml,0.1652364730834961,2022-07-21 07:52:26.256918+00:00
https://www.royco.co.id/Ide-Resep/tahu-rica-ayam-suwir.html,2022-07-13 09:12:18.244000+00:00,daily,1.0,https://www.royco.co.id/sitemap.xml,0.1652364730834961,2022-07-21 07:52:26.256918+00:00
https://www.royco.co.id/Ide-Resep/kangkung-asam-jawa.html,2022-07-13 09:12:19.148000+00:00,daily,1.0,https://www.royco.co.id/sitemap.xml,0.1652364730834961,2022-07-21 07:52:26.256918+00:00
https://www.royco.co.id/Ide-Resep/kembung-kukus-asam.html,2022-07-13 09:12:19.977000+00:00,daily,1.0,https://www.royco.co.id/sitemap.xml,0.1652364730834961,2022-07-21 07:52:26.256918+00:00
https://www.royco.co.id/Ide-Resep/sup-oyong-bakso-ikan.html,2022-07-13 09:12:20.908000+00:00,daily,1.0,https://www.royco.co.id/sitemap.xml,0.1652364730834961,2022-07-21 07:52:26.256918+00:00
https://www.royco.co.id/Ide-Resep/sayur-asem-royco.html,2022-07-13 09:12:21.875000+00:00,daily,1.0,https://www.royco.co.id/sitemap.xml,0.1652364730834961,2022-07-21 07:52:26.256918+00:00
https://www.royco.co.id/Ide-Resep/ayam-tomat-aroma.html,2022-07-13 09:12:22.848000+00:00,daily,1.0,https://www.royco.co.id/sitemap.xml,0.1652364730834961,2022-07-21 07:52:26.256918+00:00
https://www.royco.co.id/Ide-Resep/nasi-goreng-kunyit.html,2022-07-13 09:12:23.794000+00:00,daily,1.0,https://www.royco.co.id/sitemap.xml,0.1652364730834961,2022-07-21 07:52:26.256918+00:00
https://www.royco.co.id/Ide-Resep/bola-tahu-goreng-udang.html,2022-07-13 09:12:24.720000+00:00,daily,1.0,https://www.royco.co.id/sitemap.xml,0.1652364730834961,2022-07-21 07:52:26.256918+00:00
https://www.royco.co.id/Ide-Resep/martabak-udang-tahu.html,2022-07-13 09:12:25.719000+00:00,daily,1.0,https://www.royco.co.id/sitemap.xml,0.1652364730834961,2022-07-21 07:52:26.256918+00:00
https://www.royco.co.id/Ide-Resep/nasi-goreng-keju-kroket.html,2022-07-13 09:12:26.673000+00:00,daily,1.0,https://www.royco.co.id/sitemap.xml,0.1652364730834961,2022-07-21 07:52:26.256918+00:00
https://www.royco.co.id/Ide-Resep/ikan-dory-saus-creamy-telur-asin.html,2022-07-13 09:12:27.605000+00:00,daily,1.0,https://www.royco.co.id/sitemap.xml,0.1652364730834961,2022-07-21 07:52:26.256918+00:00
https://www.royco.co.id/Ide-Resep/nasi-hamburg-kari-jepang.html,2022-07-13 09:12:28.467000+00:00,daily,1.0,https://www.royco.co.id/sitemap.xml,0.1652364730834961,2022-07-21 07:52:26.256918+00:00
https://www.royco.co.id/Ide-Resep/nasi-liwet-bahagia.html,2022-07-13 09:12:29.366000+00:00,daily,1.0,https://www.royco.co.id/sitemap.xml,0.1652364730834961,2022-07-21 07:52:26.256918+00:00
https://www.royco.co.id/Ide-Resep/gado-%E2%80%93-gado-summer-rolls.html,2022-07-13 09:12:30.272000+00:00,daily,1.0,https://www.royco.co.id/sitemap.xml,0.1652364730834961,2022-07-21 07:52:26.256918+00:00
https://www.royco.co.id/Ide-Resep/beef-bulgogi-burger.html,2022-07-13 09:12:31.243000+00:00,daily,1.0,https://www.royco.co.id/sitemap.xml,0.1652364730834961,2022-07-21 07:52:26.256918+00:00
https://www.royco.co.id/Ide-Resep/bakmi-tom-yum.html,2022-07-13 09:12:32.233000+00:00,daily,1.0,https://www.royco.co.id/sitemap.xml,0.1652364730834961,2022-07-21 07:52:26.256918+00:00
https://www.royco.co.id/Ide-Resep/cara-membuat-kimchi.html,2022-07-13 09:12:33.239000+00:00,daily,1.0,https://www.royco.co.id/sitemap.xml,0.1652364730834961,2022-07-21 07:52:26.256918+00:00
https://www.royco.co.id/Ide-Resep/spaghetti-opor-bola-bola-ayam.html,2022-07-13 09:12:34.188000+00:00,daily,1.0,https://www.royco.co.id/sitemap.xml,0.1652364730834961,2022-07-21 07:52:26.256918+00:00
https://www.royco.co.id/Ide-Resep/nasi-ayam-ala-mexico.html,2022-07-13 09:12:35.138000+00:00,daily,1.0,https://www.royco.co.id/sitemap.xml,0.1652364730834961,2022-07-21 07:52:26.256918+00:00
https://www.royco.co.id/Ide-Resep/pindang-bandeng-pedas.html,2022-07-13 09:12:36.144000+00:00,daily,1.0,https://www.royco.co.id/sitemap.xml,0.1652364730834961,2022-07-21 07:52:26.256918+00:00
https://www.royco.co.id/Ide-Resep/rawon-daging-sapi.html,2022-07-13 09:12:37.132000+00:00,daily,1.0,https://www.royco.co.id/sitemap.xml,0.1652364730834961,2022-07-21 07:52:26.256918+00:00
https://www.royco.co.id/Ide-Resep/telur-gembung.html,2022-07-13 09:12:38.051000+00:00,daily,1.0,https://www.royco.co.id/sitemap.xml,0.1652364730834961,2022-07-21 07:52:26.256918+00:00
https://www.royco.co.id/Ide-Resep/ayam-cordon-blue-saus-krim-jamur.html,2022-07-13 09:12:39.024000+00:00,daily,1.0,https://www.royco.co.id/sitemap.xml,0.1652364730834961,2022-07-21 07:52:26.256918+00:00
https://www.royco.co.id/Ide-Resep/ayam-panggang-sereh-cabe-rawit.html,2022-07-13 09:12:39.987000+00:00,daily,1.0,https://www.royco.co.id/sitemap.xml,0.1652364730834961,2022-07-21 07:52:26.256918+00:00
https://www.royco.co.id/Ide-Resep/keripik-singkong-salsa.html,2022-07-13 09:12:41.007000+00:00,daily,1.0,https://www.royco.co.id/sitemap.xml,0.1652364730834961,2022-07-21 07:52:26.256918+00:00
https://www.royco.co.id/Ide-Resep/pangsit-jepang-cheese-burger.html,2022-07-13 09:12:41.999000+00:00,daily,1.0,https://www.royco.co.id/sitemap.xml,0.1652364730834961,2022-07-21 07:52:26.256918+00:00
https://www.royco.co.id/Ide-Resep/cumi-goreng-saus-asam-manis.html,2022-07-13 09:12:42.994000+00:00,daily,1.0,https://www.royco.co.id/sitemap.xml,0.1652364730834961,2022-07-21 07:52:26.256918+00:00
https://www.royco.co.id/Ide-Resep/resep-ayam-geprek-gledek-saus-keju.html,2022-07-13 09:12:43.939000+00:00,daily,1.0,https://www.royco.co.id/sitemap.xml,0.1652364730834961,2022-07-21 07:52:26.256918+00:00
https://www.royco.co.id/Ide-Resep/tumis-pakcoy-tauco.html,2022-07-13 09:12:44.861000+00:00,daily,1.0,https://www.royco.co.id/sitemap.xml,0.1652364730834961,2022-07-21 07:52:26.256918+00:00
https://www.royco.co.id/Ide-Resep/bakwan-sayur-isi-sambal.html,2022-07-13 09:12:45.811000+00:00,daily,1.0,https://www.royco.co.id/sitemap.xml,0.1652364730834961,2022-07-21 07:52:26.256918+00:00
"https://www.royco.co.id/Ide-Resep/tempe-bakar,-sambal-kemangi.html",2022-07-13 09:12:46.783000+00:00,daily,1.0,https://www.royco.co.id/sitemap.xml,0.1652364730834961,2022-07-21 07:52:26.256918+00:00
https://www.royco.co.id/Ide-Resep/mendoan-pedas-royco.html,2022-07-13 09:12:47.738000+00:00,daily,1.0,https://www.royco.co.id/sitemap.xml,0.1652364730834961,2022-07-21 07:52:26.256918+00:00
https://www.royco.co.id/Ide-Resep/tumis-pakcoy-ayam-cincang.html,2022-07-13 09:12:51.623000+00:00,daily,1.0,https://www.royco.co.id/sitemap.xml,0.1652364730834961,2022-07-21 07:52:26.256918+00:00
https://www.royco.co.id/Ide-Resep/bakwan-sayur.html,2022-07-13 09:12:52.615000+00:00,daily,1.0,https://www.royco.co.id/sitemap.xml,0.1652364730834961,2022-07-21 07:52:26.256918+00:00
https://www.royco.co.id/Ide-Resep/bakwan-sayur-krispy.html,2022-07-13 09:12:53.569000+00:00,daily,1.0,https://www.royco.co.id/sitemap.xml,0.1652364730834961,2022-07-21 07:52:26.256918+00:00
https://www.royco.co.id/Ide-Resep/sambal-bawang-teri-title.html,2022-07-13 09:12:54.524000+00:00,daily,1.0,https://www.royco.co.id/sitemap.xml,0.1652364730834961,2022-07-21 07:52:26.256918+00:00
https://www.royco.co.id/Ide-Resep/sup-bayam-jamur.html,2022-07-13 09:12:55.448000+00:00,daily,1.0,https://www.royco.co.id/sitemap.xml,0.1652364730834961,2022-07-21 07:52:26.256918+00:00
https://www.royco.co.id/Ide-Resep/bola-bola-daging.html,2022-07-13 09:12:56.394000+00:00,daily,1.0,https://www.royco.co.id/sitemap.xml,0.1652364730834961,2022-07-21 07:52:26.256918+00:00
https://www.royco.co.id/Ide-Resep/tahu-isi-jamur.html,2022-07-13 09:12:57.293000+00:00,daily,1.0,https://www.royco.co.id/sitemap.xml,0.1652364730834961,2022-07-21 07:52:26.256918+00:00
https://www.royco.co.id/Ide-Resep/bakwan-kelor-salsa.html,2022-07-13 09:12:58.170000+00:00,daily,1.0,https://www.royco.co.id/sitemap.xml,0.1652364730834961,2022-07-21 07:52:26.256918+00:00
https://www.royco.co.id/Ide-Resep/sayur-bening.html,2022-07-13 09:12:59.064000+00:00,daily,1.0,https://www.royco.co.id/sitemap.xml,0.1652364730834961,2022-07-21 07:52:26.256918+00:00
https://www.royco.co.id/Ide-Resep/donat-ubi-jalar-merah.html,2022-07-13 09:12:59.969000+00:00,daily,1.0,https://www.royco.co.id/sitemap.xml,0.1652364730834961,2022-07-21 07:52:26.256918+00:00
https://www.royco.co.id/Ide-Resep/bola-ubi-ungu-isi-sambal-roa.html,2022-07-13 09:13:00.967000+00:00,daily,1.0,https://www.royco.co.id/sitemap.xml,0.1652364730834961,2022-07-21 07:52:26.256918+00:00
https://www.royco.co.id/Ide-Resep/bola-tahu-bayam.html,2022-07-13 09:13:01.984000+00:00,daily,1.0,https://www.royco.co.id/sitemap.xml,0.1652364730834961,2022-07-21 07:52:26.256918+00:00
https://www.royco.co.id/Ide-Resep/tempura-sayur-asam-manis.html,2022-07-13 09:13:02.962000+00:00,daily,1.0,https://www.royco.co.id/sitemap.xml,0.1652364730834961,2022-07-21 07:52:26.256918+00:00
https://www.royco.co.id/Ide-Resep/tumis-pakcoy-jagung-manis.html,2022-07-13 09:13:03.931000+00:00,daily,1.0,https://www.royco.co.id/sitemap.xml,0.1652364730834961,2022-07-21 07:52:26.256918+00:00
https://www.royco.co.id/Ide-Resep/tumis-bayam-jamur-tiram.html,2022-07-13 09:13:04.838000+00:00,daily,1.0,https://www.royco.co.id/sitemap.xml,0.1652364730834961,2022-07-21 07:52:26.256918+00:00
https://www.royco.co.id/Ide-Resep/bakwan-sayur-siram-bumbu-kacang.html,2022-07-13 09:13:05.792000+00:00,daily,1.0,https://www.royco.co.id/sitemap.xml,0.1652364730834961,2022-07-21 07:52:26.256918+00:00
https://www.royco.co.id/Ide-Resep/cumi-crispy-cocol-madu.html,2022-07-13 09:13:06.735000+00:00,daily,1.0,https://www.royco.co.id/sitemap.xml,0.1652364730834961,2022-07-21 07:52:26.256918+00:00
https://www.royco.co.id/Ide-Resep/ikan-balita-sambal-hijau.html,2022-07-13 09:13:07.599000+00:00,daily,1.0,https://www.royco.co.id/sitemap.xml,0.1652364730834961,2022-07-21 07:52:26.256918+00:00
https://www.royco.co.id/Ide-Resep/sayur-asam-pedas-ikan-peda.html,2022-07-13 09:13:08.583000+00:00,daily,1.0,https://www.royco.co.id/sitemap.xml,0.1652364730834961,2022-07-21 07:52:26.256918+00:00
https://www.royco.co.id/Ide-Resep/sup-krim-ayam-istimewa.html,2022-07-13 09:13:09.464000+00:00,daily,1.0,https://www.royco.co.id/sitemap.xml,0.1652364730834961,2022-07-21 07:52:26.256918+00:00
https://www.royco.co.id/Ide-Resep/nasi-dadar-gulung-rica-rica.html,2022-07-13 09:13:10.424000+00:00,daily,1.0,https://www.royco.co.id/sitemap.xml,0.1652364730834961,2022-07-21 07:52:26.256918+00:00
https://www.royco.co.id/Ide-Resep/tumis-sawi-cerah-ceria.html,2022-07-13 09:13:11.395000+00:00,daily,1.0,https://www.royco.co.id/sitemap.xml,0.1652364730834961,2022-07-21 07:52:26.256918+00:00
https://www.royco.co.id/Ide-Resep/egg-roll-ayam.html,2022-07-13 09:13:12.359000+00:00,daily,1.0,https://www.royco.co.id/sitemap.xml,0.1652364730834961,2022-07-21 07:52:26.256918+00:00
https://www.royco.co.id/Ide-Resep/orak-arik-bihun.html,2022-07-13 09:13:13.273000+00:00,daily,1.0,https://www.royco.co.id/sitemap.xml,0.1652364730834961,2022-07-21 07:52:26.256918+00:00
https://www.royco.co.id/Ide-Resep/tumis-ayam-genjer.html,2022-07-13 09:13:14.281000+00:00,daily,1.0,https://www.royco.co.id/sitemap.xml,0.1652364730834961,2022-07-21 07:52:26.256918+00:00
https://www.royco.co.id/Ide-Resep/resep-ayam-goreng-sayur-godog-bumbu-kecombrang.html,2022-07-13 09:13:15.238000+00:00,daily,1.0,https://www.royco.co.id/sitemap.xml,0.1652364730834961,2022-07-21 07:52:26.256918+00:00
https://www.royco.co.id/Ide-Resep/nasi-goreng-seafood.html,2022-07-13 09:13:16.202000+00:00,daily,1.0,https://www.royco.co.id/sitemap.xml,0.1652364730834961,2022-07-21 07:52:26.256918+00:00
https://www.royco.co.id/Ide-Resep/kembang-kol-masak-saus-tiram.html,2022-07-13 09:13:17.152000+00:00,daily,1.0,https://www.royco.co.id/sitemap.xml,0.1652364730834961,2022-07-21 07:52:26.256918+00:00
https://www.royco.co.id/Ide-Resep/ikan-kembung-goreng-isi.html,2022-07-13 09:13:18.140000+00:00,daily,1.0,https://www.royco.co.id/sitemap.xml,0.1652364730834961,2022-07-21 07:52:26.256918+00:00
https://www.royco.co.id/Ide-Resep/tumis-mangga-dua.html,2022-07-13 09:13:19.138000+00:00,daily,1.0,https://www.royco.co.id/sitemap.xml,0.1652364730834961,2022-07-21 07:52:26.256918+00:00
https://www.royco.co.id/Ide-Resep/ayam-goreng-cibiuk.html,2022-07-13 09:13:20.072000+00:00,daily,1.0,https://www.royco.co.id/sitemap.xml,0.1652364730834961,2022-07-21 07:52:26.256918+00:00
https://www.royco.co.id/Ide-Resep/resep-sambal-goreng-tempe.html,2022-07-13 09:13:21.022000+00:00,daily,1.0,https://www.royco.co.id/sitemap.xml,0.1652364730834961,2022-07-21 07:52:26.256918+00:00
https://www.royco.co.id/Ide-Resep/resep-mushroom-steak.html,2022-07-13 09:13:21.952000+00:00,daily,1.0,https://www.royco.co.id/sitemap.xml,0.1652364730834961,2022-07-21 07:52:26.256918+00:00
https://www.royco.co.id/Ide-Resep/resep-bakwan-jamur-bayam.html,2022-07-13 09:13:22.839000+00:00,daily,1.0,https://www.royco.co.id/sitemap.xml,0.1652364730834961,2022-07-21 07:52:26.256918+00:00
https://www.royco.co.id/Ide-Resep/resep-multi-beans-burger.html,2022-07-13 09:13:23.794000+00:00,daily,1.0,https://www.royco.co.id/sitemap.xml,0.1652364730834961,2022-07-21 07:52:26.256918+00:00
https://www.royco.co.id/Ide-Resep/resep-pao-telur-asin.html,2022-07-13 09:13:24.694000+00:00,daily,1.0,https://www.royco.co.id/sitemap.xml,0.1652364730834961,2022-07-21 07:52:26.256918+00:00
https://www.royco.co.id/Ide-Resep/resep-mushroom-dumpling.html,2022-07-13 09:13:25.699000+00:00,daily,1.0,https://www.royco.co.id/sitemap.xml,0.1652364730834961,2022-07-21 07:52:26.256918+00:00
https://www.royco.co.id/Ide-Resep/resep-rendang-kentang-jamur.html,2022-07-13 09:13:26.620000+00:00,daily,1.0,https://www.royco.co.id/sitemap.xml,0.1652364730834961,2022-07-21 07:52:26.256918+00:00
https://www.royco.co.id/Ide-Resep/resep-rolade-tahu-jamur.html,2022-07-13 09:13:27.518000+00:00,daily,1.0,https://www.royco.co.id/sitemap.xml,0.1652364730834961,2022-07-21 07:52:26.256918+00:00
https://www.royco.co.id/Ide-Resep/resep-taco-bean.html,2022-07-13 09:13:28.399000+00:00,daily,1.0,https://www.royco.co.id/sitemap.xml,0.1652364730834961,2022-07-21 07:52:26.256918+00:00
https://www.royco.co.id/Ide-Resep/resep-spinach-&-cheese-muffin.html,2022-07-13 09:13:29.279000+00:00,daily,1.0,https://www.royco.co.id/sitemap.xml,0.1652364730834961,2022-07-21 07:52:26.256918+00:00
https://www.royco.co.id/Ide-Resep/resep-sate-padang-jatehu.html,2022-07-13 09:13:30.199000+00:00,daily,1.0,https://www.royco.co.id/sitemap.xml,0.1652364730834961,2022-07-21 07:52:26.256918+00:00
https://www.royco.co.id/Ide-Resep/resep-tempe-katsu.html,2022-07-13 09:13:31.163000+00:00,daily,1.0,https://www.royco.co.id/sitemap.xml,0.1652364730834961,2022-07-21 07:52:26.256918+00:00
https://www.royco.co.id/Ide-Resep/resep-spaghetti-brulee.html,2022-07-13 09:13:32.117000+00:00,daily,1.0,https://www.royco.co.id/sitemap.xml,0.1652364730834961,2022-07-21 07:52:26.256918+00:00
https://www.royco.co.id/Ide-Resep/resep-nasi-kebuli-jamur.html,2022-07-13 09:13:33.053000+00:00,daily,1.0,https://www.royco.co.id/sitemap.xml,0.1652364730834961,2022-07-21 07:52:26.256918+00:00
https://www.royco.co.id/Ide-Resep/resep-tempura-jamur-salted-egg.html,2022-07-13 09:13:33.968000+00:00,daily,1.0,https://www.royco.co.id/sitemap.xml,0.1652364730834961,2022-07-21 07:52:26.256918+00:00
https://www.royco.co.id/Ide-Resep/resep-wakame-onigiri.html,2022-07-13 09:13:34.847000+00:00,daily,1.0,https://www.royco.co.id/sitemap.xml,0.1652364730834961,2022-07-21 07:52:26.256918+00:00
https://www.royco.co.id/Ide-Resep/veggies-spring-roll.html,2022-07-13 09:13:35.826000+00:00,daily,1.0,https://www.royco.co.id/sitemap.xml,0.1652364730834961,2022-07-21 07:52:26.256918+00:00
https://www.royco.co.id/Ide-Resep/tempe-sandwich-ebi.html,2022-07-13 09:13:36.831000+00:00,daily,1.0,https://www.royco.co.id/sitemap.xml,0.1652364730834961,2022-07-21 07:52:26.256918+00:00
https://www.royco.co.id/Ide-Resep/ayam-tahu-telur.html,2022-07-13 09:13:37.778000+00:00,daily,1.0,https://www.royco.co.id/sitemap.xml,0.1652364730834961,2022-07-21 07:52:26.256918+00:00
https://www.royco.co.id/Ide-Resep/ayam-goreng-sambal-goreng-printil.html,2022-07-13 09:13:38.741000+00:00,daily,1.0,https://www.royco.co.id/sitemap.xml,0.1652364730834961,2022-07-21 07:52:26.256918+00:00
https://www.royco.co.id/Ide-Resep/tumis-kentang-ayam-cincang.html,2022-07-13 09:13:39.734000+00:00,daily,1.0,https://www.royco.co.id/sitemap.xml,0.1652364730834961,2022-07-21 07:52:26.256918+00:00
https://www.royco.co.id/Ide-Resep/sup-komplit-dengan-sayuran.html,2022-07-13 09:13:40.729000+00:00,daily,1.0,https://www.royco.co.id/sitemap.xml,0.1652364730834961,2022-07-21 07:52:26.256918+00:00
https://www.royco.co.id/Ide-Resep/bebek-cabai-hijau.html,2022-07-13 09:13:41.654000+00:00,daily,1.0,https://www.royco.co.id/sitemap.xml,0.1652364730834961,2022-07-21 07:52:26.256918+00:00
https://www.royco.co.id/Ide-Resep/ayam-goreng-penyet.html,2022-07-13 09:13:42.668000+00:00,daily,1.0,https://www.royco.co.id/sitemap.xml,0.1652364730834961,2022-07-21 07:52:26.256918+00:00
https://www.royco.co.id/Ide-Resep/sayur-asem-tetelan.html,2022-07-13 09:13:43.697000+00:00,daily,1.0,https://www.royco.co.id/sitemap.xml,0.1652364730834961,2022-07-21 07:52:26.256918+00:00
https://www.royco.co.id/Ide-Resep/ayam-gulai-rebung.html,2022-07-13 09:13:44.701000+00:00,daily,1.0,https://www.royco.co.id/sitemap.xml,0.1652364730834961,2022-07-21 07:52:26.256918+00:00
https://www.royco.co.id/Ide-Resep/pentul-ayam-kremes.html,2022-07-13 09:13:45.691000+00:00,daily,1.0,https://www.royco.co.id/sitemap.xml,0.1652364730834961,2022-07-21 07:52:26.256918+00:00
https://www.royco.co.id/Ide-Resep/minestrone-soup.html,2022-07-13 09:13:46.662000+00:00,daily,1.0,https://www.royco.co.id/sitemap.xml,0.1652364730834961,2022-07-21 07:52:26.256918+00:00
https://www.royco.co.id/Ide-Resep/ayam-bungkus-kertas.html,2022-07-13 09:13:47.649000+00:00,daily,1.0,https://www.royco.co.id/sitemap.xml,0.1652364730834961,2022-07-21 07:52:26.256918+00:00
https://www.royco.co.id/Ide-Resep/nugget-ikan-aneka-bentuk.html,2022-07-13 09:13:48.543000+00:00,daily,1.0,https://www.royco.co.id/sitemap.xml,0.1652364730834961,2022-07-21 07:52:26.256918+00:00
https://www.royco.co.id/Ide-Resep/sayap-ayam-kremes.html,2022-07-13 09:13:52.455000+00:00,daily,1.0,https://www.royco.co.id/sitemap.xml,0.1652364730834961,2022-07-21 07:52:26.256918+00:00
https://www.royco.co.id/Ide-Resep/ayam-goreng-oseng-pepaya-muda.html,2022-07-13 09:13:53.476000+00:00,daily,1.0,https://www.royco.co.id/sitemap.xml,0.1652364730834961,2022-07-21 07:52:26.256918+00:00
https://www.royco.co.id/Ide-Resep/macaroni-asam-nanas.html,2022-07-13 09:13:54.528000+00:00,daily,1.0,https://www.royco.co.id/sitemap.xml,0.1652364730834961,2022-07-21 07:52:26.256918+00:00
https://www.royco.co.id/Ide-Resep/pizza-tahu.html,2022-07-13 09:13:55.603000+00:00,daily,1.0,https://www.royco.co.id/sitemap.xml,0.1652364730834961,2022-07-21 07:52:26.256918+00:00
https://www.royco.co.id/Ide-Resep/sup-sedap-malam.html,2022-07-13 09:13:56.642000+00:00,daily,1.0,https://www.royco.co.id/sitemap.xml,0.1652364730834961,2022-07-21 07:52:26.256918+00:00
https://www.royco.co.id/Ide-Resep/sup-beligo.html,2022-07-13 09:13:57.652000+00:00,daily,1.0,https://www.royco.co.id/sitemap.xml,0.1652364730834961,2022-07-21 07:52:26.256918+00:00
https://www.royco.co.id/Ide-Resep/resep-sup-ayam-lezat.html,2022-07-13 09:13:58.602000+00:00,daily,1.0,https://www.royco.co.id/sitemap.xml,0.1652364730834961,2022-07-21 07:52:26.256918+00:00
https://www.royco.co.id/Ide-Resep/resep-tamago-tempe-sandwich.html,2022-07-13 09:13:59.531000+00:00,daily,1.0,https://www.royco.co.id/sitemap.xml,0.1652364730834961,2022-07-21 07:52:26.256918+00:00
https://www.royco.co.id/Ide-Resep/tumis-tempe.html,2022-07-13 09:14:00.480000+00:00,daily,1.0,https://www.royco.co.id/sitemap.xml,0.1652364730834961,2022-07-21 07:52:26.256918+00:00
https://www.royco.co.id/Ide-Resep/gulai-ayam.html,2022-07-13 09:14:01.688000+00:00,daily,1.0,https://www.royco.co.id/sitemap.xml,0.1652364730834961,2022-07-21 07:52:26.256918+00:00
https://www.royco.co.id/Ide-Resep/dadar-telur-okra.html,2022-07-13 09:14:02.633000+00:00,daily,1.0,https://www.royco.co.id/sitemap.xml,0.1652364730834961,2022-07-21 07:52:26.256918+00:00
https://www.royco.co.id/Ide-Resep/selada-air-tumis-bakso.html,2022-07-13 09:14:03.588000+00:00,daily,1.0,https://www.royco.co.id/sitemap.xml,0.1652364730834961,2022-07-21 07:52:26.256918+00:00
https://www.royco.co.id/Ide-Resep/okra-crispy-telur-asin.html,2022-07-13 09:14:04.555000+00:00,daily,1.0,https://www.royco.co.id/sitemap.xml,0.1652364730834961,2022-07-21 07:52:26.256918+00:00
https://www.royco.co.id/Ide-Resep/resep-moringa-rice-ball.html,2022-07-13 09:14:05.565000+00:00,daily,1.0,https://www.royco.co.id/sitemap.xml,0.1652364730834961,2022-07-21 07:52:26.256918+00:00
https://www.royco.co.id/Ide-Resep/bakwan-mie-daun-kelor.html,2022-07-13 09:14:06.623000+00:00,daily,1.0,https://www.royco.co.id/sitemap.xml,0.1652364730834961,2022-07-21 07:52:26.256918+00:00
https://www.royco.co.id/Ide-Resep/resep-capcay.html,2022-07-13 09:14:07.611000+00:00,daily,1.0,https://www.royco.co.id/sitemap.xml,0.1652364730834961,2022-07-21 07:52:26.256918+00:00
https://www.royco.co.id/Ide-Resep/bakwan-makaroni-spiral-bayam.html,2022-07-13 09:14:08.631000+00:00,daily,1.0,https://www.royco.co.id/sitemap.xml,0.1652364730834961,2022-07-21 07:52:26.256918+00:00
https://www.royco.co.id/Ide-Resep/resep-hotang-tempe.html,2022-07-13 09:14:09.655000+00:00,daily,1.0,https://www.royco.co.id/sitemap.xml,0.1652364730834961,2022-07-21 07:52:26.256918+00:00
https://www.royco.co.id/Ide-Resep/bakwan-selada-air-panggang.html,2022-07-13 09:14:10.635000+00:00,daily,1.0,https://www.royco.co.id/sitemap.xml,0.1652364730834961,2022-07-21 07:52:26.256918+00:00
https://www.royco.co.id/Ide-Resep/resep-keripik-ubi-panggang.html,2022-07-13 09:14:11.685000+00:00,daily,1.0,https://www.royco.co.id/sitemap.xml,0.1652364730834961,2022-07-21 07:52:26.256918+00:00
https://www.royco.co.id/Ide-Resep/sup-ayam-jamur-daun-kelor.html,2022-07-13 09:14:12.594000+00:00,daily,1.0,https://www.royco.co.id/sitemap.xml,0.1652364730834961,2022-07-21 07:52:26.256918+00:00
https://www.royco.co.id/Ide-Resep/rolade-bayam.html,2022-07-13 09:14:13.512000+00:00,daily,1.0,https://www.royco.co.id/sitemap.xml,0.1652364730834961,2022-07-21 07:52:26.256918+00:00
https://www.royco.co.id/Ide-Resep/pangsit-kuah-daun-kelor.html,2022-07-13 09:14:14.480000+00:00,daily,1.0,https://www.royco.co.id/sitemap.xml,0.1652364730834961,2022-07-21 07:52:26.256918+00:00
https://www.royco.co.id/Ide-Resep/tim-tahu-bayam.html,2022-07-13 09:14:15.509000+00:00,daily,1.0,https://www.royco.co.id/sitemap.xml,0.1652364730834961,2022-07-21 07:52:26.256918+00:00
https://www.royco.co.id/Ide-Resep/batagor-bayam.html,2022-07-13 09:14:16.427000+00:00,daily,1.0,https://www.royco.co.id/sitemap.xml,0.1652364730834961,2022-07-21 07:52:26.256918+00:00
https://www.royco.co.id/Ide-Resep/martabak-telur-ayam-dan-udang.html,2022-07-13 09:14:17.442000+00:00,daily,1.0,https://www.royco.co.id/sitemap.xml,0.1652364730834961,2022-07-21 07:52:26.256918+00:00
https://www.royco.co.id/Ide-Resep/okra-goreng-crispy.html,2022-07-13 09:14:18.377000+00:00,daily,1.0,https://www.royco.co.id/sitemap.xml,0.1652364730834961,2022-07-21 07:52:26.256918+00:00
https://www.royco.co.id/Ide-Resep/resep-ubi-panggang-bayam.html,2022-07-13 09:14:19.358000+00:00,daily,1.0,https://www.royco.co.id/sitemap.xml,0.1652364730834961,2022-07-21 07:52:26.256918+00:00
https://www.royco.co.id/Ide-Resep/resep-keripik-bawang-bayam.html,2022-07-13 09:14:20.323000+00:00,daily,1.0,https://www.royco.co.id/sitemap.xml,0.1652364730834961,2022-07-21 07:52:26.256918+00:00
https://www.royco.co.id/Ide-Resep/resep-sate-lilit-tempe.html,2022-07-13 09:14:21.396000+00:00,daily,1.0,https://www.royco.co.id/sitemap.xml,0.1652364730834961,2022-07-21 07:52:26.256918+00:00
https://www.royco.co.id/Ide-Resep/nasi-goreng-petai-ampela.html,2022-07-13 09:14:22.388000+00:00,daily,1.0,https://www.royco.co.id/sitemap.xml,0.1652364730834961,2022-07-21 07:52:26.256918+00:00
https://www.royco.co.id/Ide-Resep/sup-bola-sapi-banget.html,2022-07-13 09:14:23.397000+00:00,daily,1.0,https://www.royco.co.id/sitemap.xml,0.1652364730834961,2022-07-21 07:52:26.256918+00:00
https://www.royco.co.id/Ide-Resep/risol-tahu-jamur.html,2022-07-13 09:14:24.378000+00:00,daily,1.0,https://www.royco.co.id/sitemap.xml,0.1652364730834961,2022-07-21 07:52:26.256918+00:00
https://www.royco.co.id/Ide-Resep/german-cream-soup.html,2022-07-13 09:14:25.581000+00:00,daily,1.0,https://www.royco.co.id/sitemap.xml,0.1652364730834961,2022-07-21 07:52:26.256918+00:00
https://www.royco.co.id/Ide-Resep/sambal-udang-ceria.html,2022-07-13 09:14:26.542000+00:00,daily,1.0,https://www.royco.co.id/sitemap.xml,0.1652364730834961,2022-07-21 07:52:26.256918+00:00
https://www.royco.co.id/Ide-Resep/tempura-chicken-fingers.html,2022-07-13 09:14:27.568000+00:00,daily,1.0,https://www.royco.co.id/sitemap.xml,0.1652364730834961,2022-07-21 07:52:26.256918+00:00
https://www.royco.co.id/Ide-Resep/resep-ikan-pesmol.html,2022-07-13 09:14:28.544000+00:00,daily,1.0,https://www.royco.co.id/sitemap.xml,0.1652364730834961,2022-07-21 07:52:26.256918+00:00
https://www.royco.co.id/Ide-Resep/resep-udang-cah-mangga-dua.html,2022-07-13 09:14:29.508000+00:00,daily,1.0,https://www.royco.co.id/sitemap.xml,0.1652364730834961,2022-07-21 07:52:26.256918+00:00
https://www.royco.co.id/Ide-Resep/tahu-kress.html,2022-07-13 09:14:30.455000+00:00,daily,1.0,https://www.royco.co.id/sitemap.xml,0.1652364730834961,2022-07-21 07:52:26.256918+00:00
https://www.royco.co.id/Ide-Resep/balado-ayam-pandan.html,2022-07-13 09:14:31.574000+00:00,daily,1.0,https://www.royco.co.id/sitemap.xml,0.1652364730834961,2022-07-21 07:52:26.256918+00:00
https://www.royco.co.id/Ide-Resep/mie-kuah-ebi.html,2022-07-13 09:14:32.592000+00:00,daily,1.0,https://www.royco.co.id/sitemap.xml,0.1652364730834961,2022-07-21 07:52:26.256918+00:00
https://www.royco.co.id/Ide-Resep/tumis-toge-teri-asin.html,2022-07-13 09:14:33.606000+00:00,daily,1.0,https://www.royco.co.id/sitemap.xml,0.1652364730834961,2022-07-21 07:52:26.256918+00:00
https://www.royco.co.id/Ide-Resep/ayam-masak-paprika.html,2022-07-13 09:14:34.630000+00:00,daily,1.0,https://www.royco.co.id/sitemap.xml,0.1652364730834961,2022-07-21 07:52:26.256918+00:00
https://www.royco.co.id/Ide-Resep/resep-nasi-goreng-cumi.html,2022-07-13 09:14:36.162000+00:00,daily,1.0,https://www.royco.co.id/sitemap.xml,0.1652364730834961,2022-07-21 07:52:26.256918+00:00
https://www.royco.co.id/Ide-Resep/sup-oyong-misoa.html,2022-07-13 09:14:37.182000+00:00,daily,1.0,https://www.royco.co.id/sitemap.xml,0.1652364730834961,2022-07-21 07:52:26.256918+00:00
https://www.royco.co.id/Ide-Resep/tempe-asem-pedas.html,2022-07-13 09:14:38.165000+00:00,daily,1.0,https://www.royco.co.id/sitemap.xml,0.1652364730834961,2022-07-21 07:52:26.256918+00:00
https://www.royco.co.id/Ide-Resep/nasi-goreng-omelete.html,2022-07-13 09:14:39.168000+00:00,daily,1.0,https://www.royco.co.id/sitemap.xml,0.1652364730834961,2022-07-21 07:52:26.256918+00:00
https://www.royco.co.id/Ide-Resep/ayam-goreng-tulang-lunak-royco.html,2022-07-13 09:14:40.229000+00:00,daily,1.0,https://www.royco.co.id/sitemap.xml,0.1652364730834961,2022-07-21 07:52:26.256918+00:00
https://www.royco.co.id/Ide-Resep/ikan-goreng-dengan-saus-leci.html,2022-07-13 09:14:41.242000+00:00,daily,1.0,https://www.royco.co.id/sitemap.xml,0.1652364730834961,2022-07-21 07:52:26.256918+00:00
https://www.royco.co.id/Ide-Resep/resep-mi-aceh.html,2022-07-13 09:14:42.199000+00:00,daily,1.0,https://www.royco.co.id/sitemap.xml,0.1652364730834961,2022-07-21 07:52:26.256918+00:00
https://www.royco.co.id/Ide-Resep/popcorn-ayam-dinamit.html,2022-07-13 09:14:43.193000+00:00,daily,1.0,https://www.royco.co.id/sitemap.xml,0.1652364730834961,2022-07-21 07:52:26.256918+00:00
https://www.royco.co.id/Ide-Resep/bebek-goreng.html,2022-07-13 09:14:44.161000+00:00,daily,1.0,https://www.royco.co.id/sitemap.xml,0.1652364730834961,2022-07-21 07:52:26.256918+00:00
https://www.royco.co.id/Ide-Resep/resep-mie-ayam-sambel-ijo.html,2022-07-13 09:14:45.092000+00:00,daily,1.0,https://www.royco.co.id/sitemap.xml,0.1652364730834961,2022-07-21 07:52:26.256918+00:00
https://www.royco.co.id/Ide-Resep/olesan-roti-bumbu-royco-sapi.html,2022-07-13 09:14:46.101000+00:00,daily,1.0,https://www.royco.co.id/sitemap.xml,0.1652364730834961,2022-07-21 07:52:26.256918+00:00
https://www.royco.co.id/Ide-Resep/sup-pangsit-ayam.html,2022-07-13 09:14:47.059000+00:00,daily,1.0,https://www.royco.co.id/sitemap.xml,0.1652364730834961,2022-07-21 07:52:26.256918+00:00
https://www.royco.co.id/Ide-Resep/resep-kentang-goreng-pizza.html,2022-07-13 09:14:48.059000+00:00,daily,1.0,https://www.royco.co.id/sitemap.xml,0.1652364730834961,2022-07-21 07:52:26.256918+00:00
https://www.royco.co.id/Ide-Resep/ayam-tangkap.html,2022-07-13 09:14:51.770000+00:00,daily,1.0,https://www.royco.co.id/sitemap.xml,0.1652364730834961,2022-07-21 07:52:26.256918+00:00
https://www.royco.co.id/Ide-Resep/tumis-tahu-hijau.html,2022-07-13 09:14:52.838000+00:00,daily,1.0,https://www.royco.co.id/sitemap.xml,0.1652364730834961,2022-07-21 07:52:26.256918+00:00
https://www.royco.co.id/Ide-Resep/tumis-genjer-segar.html,2022-07-13 09:14:53.805000+00:00,daily,1.0,https://www.royco.co.id/sitemap.xml,0.1652364730834961,2022-07-21 07:52:26.256918+00:00
https://www.royco.co.id/Ide-Resep/lodeh-lebaran.html,2022-07-13 09:14:54.760000+00:00,daily,1.0,https://www.royco.co.id/sitemap.xml,0.1652364730834961,2022-07-21 07:52:26.256918+00:00
https://www.royco.co.id/Ide-Resep/nasi-goreng-jagung.html,2022-07-13 09:14:55.730000+00:00,daily,1.0,https://www.royco.co.id/sitemap.xml,0.1652364730834961,2022-07-21 07:52:26.256918+00:00
https://www.royco.co.id/Ide-Resep/resep-nasi-goreng-mangga.html,2022-07-13 09:14:56.798000+00:00,daily,1.0,https://www.royco.co.id/sitemap.xml,0.1652364730834961,2022-07-21 07:52:26.256918+00:00
https://www.royco.co.id/Ide-Resep/resep-tumis-tahu-petai-kecap.html,2022-07-13 09:14:57.759000+00:00,daily,1.0,https://www.royco.co.id/sitemap.xml,0.1652364730834961,2022-07-21 07:52:26.256918+00:00
https://www.royco.co.id/Ide-Resep/sup-bakso-ikan-goyang-lidah.html,2022-07-13 09:14:58.780000+00:00,daily,1.0,https://www.royco.co.id/sitemap.xml,0.1652364730834961,2022-07-21 07:52:26.256918+00:00
https://www.royco.co.id/Ide-Resep/resep-nasi-goreng-sarden-pedas.html,2022-07-13 09:14:59.864000+00:00,daily,1.0,https://www.royco.co.id/sitemap.xml,0.1652364730834961,2022-07-21 07:52:26.256918+00:00
https://www.royco.co.id/Ide-Resep/tumis-buncis-daging-giling.html,2022-07-13 09:15:01+00:00,daily,1.0,https://www.royco.co.id/sitemap.xml,0.1652364730834961,2022-07-21 07:52:26.256918+00:00
https://www.royco.co.id/Ide-Resep/sup-sommay-sayuran.html,2022-07-13 09:15:02.024000+00:00,daily,1.0,https://www.royco.co.id/sitemap.xml,0.1652364730834961,2022-07-21 07:52:26.256918+00:00
https://www.royco.co.id/Ide-Resep/resep-soto-ayam.html,2022-07-13 09:15:03.077000+00:00,daily,1.0,https://www.royco.co.id/sitemap.xml,0.1652364730834961,2022-07-21 07:52:26.256918+00:00
https://www.royco.co.id/Ide-Resep/iga-konro-bakar.html,2022-07-13 09:15:04.297000+00:00,daily,1.0,https://www.royco.co.id/sitemap.xml,0.1652364730834961,2022-07-21 07:52:26.256918+00:00
https://www.royco.co.id/Ide-Resep/egg-benedict.html,2022-07-13 09:15:05.534000+00:00,daily,1.0,https://www.royco.co.id/sitemap.xml,0.1652364730834961,2022-07-21 07:52:26.256918+00:00
https://www.royco.co.id/Ide-Resep/churros-keju.html,2022-07-13 09:15:06.792000+00:00,daily,1.0,https://www.royco.co.id/sitemap.xml,0.1652364730834961,2022-07-21 07:52:26.256918+00:00
https://www.royco.co.id/Ide-Resep/resep-ayam-goreng-nasi-kuning.html,2022-07-13 09:15:07.851000+00:00,daily,1.0,https://www.royco.co.id/sitemap.xml,0.1652364730834961,2022-07-21 07:52:26.256918+00:00
https://www.royco.co.id/Ide-Resep/dadar-sayur-keju.html,2022-07-13 09:15:08.851000+00:00,daily,1.0,https://www.royco.co.id/sitemap.xml,0.1652364730834961,2022-07-21 07:52:26.256918+00:00
https://www.royco.co.id/Ide-Resep/bola-bola-makaroni.html,2022-07-13 09:15:09.968000+00:00,daily,1.0,https://www.royco.co.id/sitemap.xml,0.1652364730834961,2022-07-21 07:52:26.256918+00:00
https://www.royco.co.id/Ide-Resep/resep-dori-popcorn.html,2022-07-13 09:15:11.357000+00:00,daily,1.0,https://www.royco.co.id/sitemap.xml,0.1652364730834961,2022-07-21 07:52:26.256918+00:00
https://www.royco.co.id/Ide-Resep/burger-nasi-sapi-lada-hitam.html,2022-07-13 09:15:12.685000+00:00,daily,1.0,https://www.royco.co.id/sitemap.xml,0.1652364730834961,2022-07-21 07:52:26.256918+00:00
https://www.royco.co.id/Ide-Resep/bakwan-oncom-renyah.html,2022-07-13 09:15:13.803000+00:00,daily,1.0,https://www.royco.co.id/sitemap.xml,0.1652364730834961,2022-07-21 07:52:26.256918+00:00
https://www.royco.co.id/Ide-Resep/bayam-udang-kukus.html,2022-07-13 09:15:14.989000+00:00,daily,1.0,https://www.royco.co.id/sitemap.xml,0.1652364730834961,2022-07-21 07:52:26.256918+00:00
https://www.royco.co.id/Ide-Resep/ayam-goreng-siram-sambal-matah.html,2022-07-13 09:15:15.981000+00:00,daily,1.0,https://www.royco.co.id/sitemap.xml,0.1652364730834961,2022-07-21 07:52:26.256918+00:00
https://www.royco.co.id/Ide-Resep/resep-tekwan.html,2022-07-13 09:15:17.078000+00:00,daily,1.0,https://www.royco.co.id/sitemap.xml,0.1652364730834961,2022-07-21 07:52:26.256918+00:00
https://www.royco.co.id/Ide-Resep/resep-ayam-katsu-balado.html,2022-07-13 09:15:18.098000+00:00,daily,1.0,https://www.royco.co.id/sitemap.xml,0.1652364730834961,2022-07-21 07:52:26.256918+00:00
https://www.royco.co.id/Ide-Resep/resep-kroket-tuna.html,2022-07-13 09:15:19.068000+00:00,daily,1.0,https://www.royco.co.id/sitemap.xml,0.1652364730834961,2022-07-21 07:52:26.256918+00:00
https://www.royco.co.id/Ide-Resep/pindang-asam-iga-sapi.html,2022-07-13 09:15:20.064000+00:00,daily,1.0,https://www.royco.co.id/sitemap.xml,0.1652364730834961,2022-07-21 07:52:26.256918+00:00
https://www.royco.co.id/Ide-Resep/nasi-mie-goreng-3-cabai.html,2022-07-13 09:15:21.199000+00:00,daily,1.0,https://www.royco.co.id/sitemap.xml,0.1652364730834961,2022-07-21 07:52:26.256918+00:00
https://www.royco.co.id/Ide-Resep/rawon-daging-tempe.html,2022-07-13 09:15:22.250000+00:00,daily,1.0,https://www.royco.co.id/sitemap.xml,0.1652364730834961,2022-07-21 07:52:26.256918+00:00
https://www.royco.co.id/Ide-Resep/sop-buntut-bakar-pakcoy.html,2022-07-13 09:15:23.263000+00:00,daily,1.0,https://www.royco.co.id/sitemap.xml,0.1652364730834961,2022-07-21 07:52:26.256918+00:00
https://www.royco.co.id/Ide-Resep/soto-segar-daging-kelor.html,2022-07-13 09:15:24.295000+00:00,daily,1.0,https://www.royco.co.id/sitemap.xml,0.1652364730834961,2022-07-21 07:52:26.256918+00:00
https://www.royco.co.id/Ide-Resep/brongkos-daging-kacang.html,2022-07-13 09:15:25.272000+00:00,daily,1.0,https://www.royco.co.id/sitemap.xml,0.1652364730834961,2022-07-21 07:52:26.256918+00:00
https://www.royco.co.id/Ide-Resep/bakso-sayur.html,2022-07-13 09:15:26.344000+00:00,daily,1.0,https://www.royco.co.id/sitemap.xml,0.1652364730834961,2022-07-21 07:52:26.256918+00:00
https://www.royco.co.id/Ide-Resep/resep-balado-telur.html,2022-07-13 09:15:27.305000+00:00,daily,1.0,https://www.royco.co.id/sitemap.xml,0.1652364730834961,2022-07-21 07:52:26.256918+00:00
https://www.royco.co.id/Ide-Resep/resep-ramen-lezat-dengan-kuah-pedas.html,2022-07-13 09:15:28.244000+00:00,daily,1.0,https://www.royco.co.id/sitemap.xml,0.1652364730834961,2022-07-21 07:52:26.256918+00:00
https://www.royco.co.id/Ide-Resep/sup-kacang-merah.html,2022-07-13 09:15:29.257000+00:00,daily,1.0,https://www.royco.co.id/sitemap.xml,0.1652364730834961,2022-07-21 07:52:26.256918+00:00
https://www.royco.co.id/Ide-Resep/sayur-lodeh.html,2022-07-13 09:15:30.257000+00:00,daily,1.0,https://www.royco.co.id/sitemap.xml,0.1652364730834961,2022-07-21 07:52:26.256918+00:00
https://www.royco.co.id/Ide-Resep/oseng-okra-paru-pedas.html,2022-07-13 09:15:31.330000+00:00,daily,1.0,https://www.royco.co.id/sitemap.xml,0.1652364730834961,2022-07-21 07:52:26.256918+00:00
https://www.royco.co.id/Ide-Resep/sup-iga.html,2022-07-13 09:15:32.283000+00:00,daily,1.0,https://www.royco.co.id/sitemap.xml,0.1652364730834961,2022-07-21 07:52:26.256918+00:00
https://www.royco.co.id/Ide-Resep/resep-nasi-goreng-sayuran.html,2022-07-13 09:15:33.329000+00:00,daily,1.0,https://www.royco.co.id/sitemap.xml,0.1652364730834961,2022-07-21 07:52:26.256918+00:00
https://www.royco.co.id/Ide-Resep/resep-chicken-katsu.html,2022-07-13 09:15:34.316000+00:00,daily,1.0,https://www.royco.co.id/sitemap.xml,0.1652364730834961,2022-07-21 07:52:26.256918+00:00
https://www.royco.co.id/Ide-Resep/resep-kari-ayam-pedas.html,2022-07-13 09:15:35.230000+00:00,daily,1.0,https://www.royco.co.id/sitemap.xml,0.1652364730834961,2022-07-21 07:52:26.256918+00:00
https://www.royco.co.id/Ide-Resep/resep-sup-krim-jagung.html,2022-07-13 09:15:36.256000+00:00,daily,1.0,https://www.royco.co.id/sitemap.xml,0.1652364730834961,2022-07-21 07:52:26.256918+00:00
https://www.royco.co.id/Ide-Resep/ayam-kuah-pedas.html,2022-07-13 09:15:37.232000+00:00,daily,1.0,https://www.royco.co.id/sitemap.xml,0.1652364730834961,2022-07-21 07:52:26.256918+00:00
https://www.royco.co.id/Ide-Resep/ayam-geprek-sambal-ijo.html,2022-07-13 09:15:38.177000+00:00,daily,1.0,https://www.royco.co.id/sitemap.xml,0.1652364730834961,2022-07-21 07:52:26.256918+00:00
https://www.royco.co.id/Ide-Resep/resep-sosis-gulung-mie.html,2022-07-13 09:15:39.291000+00:00,daily,1.0,https://www.royco.co.id/sitemap.xml,0.1652364730834961,2022-07-21 07:52:26.256918+00:00
https://www.royco.co.id/Ide-Resep/resep-sup-ikan-asam-pedas.html,2022-07-13 09:15:40.229000+00:00,daily,1.0,https://www.royco.co.id/sitemap.xml,0.1652364730834961,2022-07-21 07:52:26.256918+00:00
https://www.royco.co.id/Ide-Resep/royco-sup-krim-kepiting-dan-jagung.html,2022-07-13 09:15:41.248000+00:00,daily,1.0,https://www.royco.co.id/sitemap.xml,0.1652364730834961,2022-07-21 07:52:26.256918+00:00
https://www.royco.co.id/Ide-Resep/sop-gurame.html,2022-07-13 09:15:42.266000+00:00,daily,1.0,https://www.royco.co.id/sitemap.xml,0.1652364730834961,2022-07-21 07:52:26.256918+00:00
https://www.royco.co.id/Ide-Resep/tumis-buncis-udang.html,2022-07-13 09:15:43.257000+00:00,daily,1.0,https://www.royco.co.id/sitemap.xml,0.1652364730834961,2022-07-21 07:52:26.256918+00:00
https://www.royco.co.id/Ide-Resep/sambal-goreng-krecek-kacang-tolo.html,2022-07-13 09:15:44.199000+00:00,daily,1.0,https://www.royco.co.id/sitemap.xml,0.1652364730834961,2022-07-21 07:52:26.256918+00:00
https://www.royco.co.id/Ide-Resep/resep-tumis-cumi-cabe-hijau.html,2022-07-13 09:15:45.124000+00:00,daily,1.0,https://www.royco.co.id/sitemap.xml,0.1652364730834961,2022-07-21 07:52:26.256918+00:00
https://www.royco.co.id/Ide-Resep/resep-sushi-roll-isi-ayam-goreng-spicy-mayo.html,2022-07-13 09:15:46.090000+00:00,daily,1.0,https://www.royco.co.id/sitemap.xml,0.1652364730834961,2022-07-21 07:52:26.256918+00:00
https://www.royco.co.id/Ide-Resep/nasi-ayam-hainan-singapore.html,2022-07-13 09:15:47+00:00,daily,1.0,https://www.royco.co.id/sitemap.xml,0.1652364730834961,2022-07-21 07:52:26.256918+00:00
https://www.royco.co.id/Ide-Resep/resep-nasi-tim.html,2022-07-13 09:15:47.977000+00:00,daily,1.0,https://www.royco.co.id/sitemap.xml,0.1652364730834961,2022-07-21 07:52:26.256918+00:00
https://www.royco.co.id/Ide-Resep/tahu-goreng-ngohiang.html,2022-07-13 09:15:51.808000+00:00,daily,1.0,https://www.royco.co.id/sitemap.xml,0.1652364730834961,2022-07-21 07:52:26.256918+00:00
https://www.royco.co.id/Ide-Resep/sup-tahu-bakso-ikan.html,2022-07-13 09:15:52.899000+00:00,daily,1.0,https://www.royco.co.id/sitemap.xml,0.1652364730834961,2022-07-21 07:52:26.256918+00:00
https://www.royco.co.id/Ide-Resep/pempek-ubi.html,2022-07-13 09:15:53.897000+00:00,daily,1.0,https://www.royco.co.id/sitemap.xml,0.1652364730834961,2022-07-21 07:52:26.256918+00:00
https://www.royco.co.id/Ide-Resep/bola-udang-ayam-bayam.html,2022-07-13 09:15:54.911000+00:00,daily,1.0,https://www.royco.co.id/sitemap.xml,0.1652364730834961,2022-07-21 07:52:26.256918+00:00
https://www.royco.co.id/Ide-Resep/pepes-tahu-jamur-daun-kelor.html,2022-07-13 09:15:55.890000+00:00,daily,1.0,https://www.royco.co.id/sitemap.xml,0.1652364730834961,2022-07-21 07:52:26.256918+00:00
https://www.royco.co.id/Ide-Resep/steamed-okra.html,2022-07-13 09:15:56.963000+00:00,daily,1.0,https://www.royco.co.id/sitemap.xml,0.1652364730834961,2022-07-21 07:52:26.256918+00:00
https://www.royco.co.id/Ide-Resep/tumis-selada-air.html,2022-07-13 09:15:58.037000+00:00,daily,1.0,https://www.royco.co.id/sitemap.xml,0.1652364730834961,2022-07-21 07:52:26.256918+00:00
https://www.royco.co.id/Ide-Resep/lodeh-kacang-hijau.html,2022-07-13 09:15:59.119000+00:00,daily,1.0,https://www.royco.co.id/sitemap.xml,0.1652364730834961,2022-07-21 07:52:26.256918+00:00
https://www.royco.co.id/Ide-Resep/stik-keju-ubi-jalar.html,2022-07-13 09:16:00.240000+00:00,daily,1.0,https://www.royco.co.id/sitemap.xml,0.1652364730834961,2022-07-21 07:52:26.256918+00:00
https://www.royco.co.id/Ide-Resep/okra-masak-kuah-pedas.html,2022-07-13 09:16:01.406000+00:00,daily,1.0,https://www.royco.co.id/sitemap.xml,0.1652364730834961,2022-07-21 07:52:26.256918+00:00
https://www.royco.co.id/Ide-Resep/selada-air-tumis-belacan.html,2022-07-13 09:16:02.414000+00:00,daily,1.0,https://www.royco.co.id/sitemap.xml,0.1652364730834961,2022-07-21 07:52:26.256918+00:00
https://www.royco.co.id/Ide-Resep/perkedel-kacang-hijau.html,2022-07-13 09:16:03.519000+00:00,daily,1.0,https://www.royco.co.id/sitemap.xml,0.1652364730834961,2022-07-21 07:52:26.256918+00:00
https://www.royco.co.id/Ide-Resep/tumis-pakcoy-kuah-telur.html,2022-07-13 09:16:04.523000+00:00,daily,1.0,https://www.royco.co.id/sitemap.xml,0.1652364730834961,2022-07-21 07:52:26.256918+00:00
https://www.royco.co.id/Ide-Resep/muffin-bayam-keju.html,2022-07-13 09:16:05.581000+00:00,daily,1.0,https://www.royco.co.id/sitemap.xml,0.1652364730834961,2022-07-21 07:52:26.256918+00:00
https://www.royco.co.id/Ide-Resep/pakcoy-tumis-tahu-dan-jamur-kuping.html,2022-07-13 09:16:06.651000+00:00,daily,1.0,https://www.royco.co.id/sitemap.xml,0.1652364730834961,2022-07-21 07:52:26.256918+00:00
https://www.royco.co.id/Ide-Resep/perkedel-ubi.html,2022-07-13 09:16:07.687000+00:00,daily,1.0,https://www.royco.co.id/sitemap.xml,0.1652364730834961,2022-07-21 07:52:26.256918+00:00
https://www.royco.co.id/Ide-Resep/okra-siram-daging.html,2022-07-13 09:16:08.733000+00:00,daily,1.0,https://www.royco.co.id/sitemap.xml,0.1652364730834961,2022-07-21 07:52:26.256918+00:00
https://www.royco.co.id/Ide-Resep/bakwan-udang-kacang-ijo.html,2022-07-13 09:16:10.265000+00:00,daily,1.0,https://www.royco.co.id/sitemap.xml,0.1652364730834961,2022-07-21 07:52:26.256918+00:00
https://www.royco.co.id/Ide-Resep/sup-ayam-pedas.html,2022-07-13 09:16:11.300000+00:00,daily,1.0,https://www.royco.co.id/sitemap.xml,0.1652364730834961,2022-07-21 07:52:26.256918+00:00
https://www.royco.co.id/Ide-Resep/nasi-nori-bayam-telur.html,2022-07-13 09:16:12.275000+00:00,daily,1.0,https://www.royco.co.id/sitemap.xml,0.1652364730834961,2022-07-21 07:52:26.256918+00:00
https://www.royco.co.id/Ide-Resep/cumi-tumis-pakcoy.html,2022-07-13 09:16:13.231000+00:00,daily,1.0,https://www.royco.co.id/sitemap.xml,0.1652364730834961,2022-07-21 07:52:26.256918+00:00
https://www.royco.co.id/Ide-Resep/pepes-kacang-ijo.html,2022-07-13 09:16:14.193000+00:00,daily,1.0,https://www.royco.co.id/sitemap.xml,0.1652364730834961,2022-07-21 07:52:26.256918+00:00
https://www.royco.co.id/Ide-Resep/selada-air-tumis-tauge-udang.html,2022-07-13 09:16:15.150000+00:00,daily,1.0,https://www.royco.co.id/sitemap.xml,0.1652364730834961,2022-07-21 07:52:26.256918+00:00
https://www.royco.co.id/Ide-Resep/selada-air-tumis-ayam-cincang.html,2022-07-13 09:16:16.158000+00:00,daily,1.0,https://www.royco.co.id/sitemap.xml,0.1652364730834961,2022-07-21 07:52:26.256918+00:00
https://www.royco.co.id/Ide-Resep/bakwan-jagung-selada-air.html,2022-07-13 09:16:17.168000+00:00,daily,1.0,https://www.royco.co.id/sitemap.xml,0.1652364730834961,2022-07-21 07:52:26.256918+00:00
https://www.royco.co.id/Ide-Resep/bayam-tumis-kembang-tahu.html,2022-07-13 09:16:18.118000+00:00,daily,1.0,https://www.royco.co.id/sitemap.xml,0.1652364730834961,2022-07-21 07:52:26.256918+00:00
https://www.royco.co.id/Ide-Resep/telur-kukus-bayam.html,2022-07-13 09:16:19.068000+00:00,daily,1.0,https://www.royco.co.id/sitemap.xml,0.1652364730834961,2022-07-21 07:52:26.256918+00:00
https://www.royco.co.id/Ide-Resep/udang-ubi-asam-manis.html,2022-07-13 09:16:20.057000+00:00,daily,1.0,https://www.royco.co.id/sitemap.xml,0.1652364730834961,2022-07-21 07:52:26.256918+00:00
https://www.royco.co.id/Ide-Resep/sayur-rebung-masak-kacang-hijau.html,2022-07-13 09:16:21.122000+00:00,daily,1.0,https://www.royco.co.id/sitemap.xml,0.1652364730834961,2022-07-21 07:52:26.256918+00:00
https://www.royco.co.id/Ide-Resep/asem-asem-daging.html,2022-07-13 09:16:22.127000+00:00,daily,1.0,https://www.royco.co.id/sitemap.xml,0.1652364730834961,2022-07-21 07:52:26.256918+00:00
https://www.royco.co.id/Ide-Resep/pakcoy-siram-ayam-cincang.html,2022-07-13 09:16:23.129000+00:00,daily,1.0,https://www.royco.co.id/sitemap.xml,0.1652364730834961,2022-07-21 07:52:26.256918+00:00
https://www.royco.co.id/Ide-Resep/tahu-bakso-daun-kelor.html,2022-07-13 09:16:24.086000+00:00,daily,1.0,https://www.royco.co.id/sitemap.xml,0.1652364730834961,2022-07-21 07:52:26.256918+00:00
https://www.royco.co.id/Ide-Resep/krecek-okra-rasa-opor.html,2022-07-13 09:16:25.140000+00:00,daily,1.0,https://www.royco.co.id/sitemap.xml,0.1652364730834961,2022-07-21 07:52:26.256918+00:00
https://www.royco.co.id/Ide-Resep/daun-kelor-tumis-ayam-cincang.html,2022-07-13 09:16:26.183000+00:00,daily,1.0,https://www.royco.co.id/sitemap.xml,0.1652364730834961,2022-07-21 07:52:26.256918+00:00
https://www.royco.co.id/Ide-Resep/daun-kelor-tumis-udang-kemiri.html,2022-07-13 09:16:27.221000+00:00,daily,1.0,https://www.royco.co.id/sitemap.xml,0.1652364730834961,2022-07-21 07:52:26.256918+00:00
https://www.royco.co.id/Ide-Resep/roti-bakar-omelet-daun-kelor.html,2022-07-13 09:16:28.152000+00:00,daily,1.0,https://www.royco.co.id/sitemap.xml,0.1652364730834961,2022-07-21 07:52:26.256918+00:00
https://www.royco.co.id/Ide-Resep/telur-bistik.html,2022-07-13 09:16:29.031000+00:00,daily,1.0,https://www.royco.co.id/sitemap.xml,0.1652364730834961,2022-07-21 07:52:26.256918+00:00
https://www.royco.co.id/Ide-Resep/tofu-moringa-pop-corn.html,2022-07-13 09:16:30.028000+00:00,daily,1.0,https://www.royco.co.id/sitemap.xml,0.1652364730834961,2022-07-21 07:52:26.256918+00:00
https://www.royco.co.id/Ide-Resep/moringa-burger.html,2022-07-13 09:16:31.056000+00:00,daily,1.0,https://www.royco.co.id/sitemap.xml,0.1652364730834961,2022-07-21 07:52:26.256918+00:00
https://www.royco.co.id/Ide-Resep/taiwanese-mushroom.html,2022-07-13 09:16:31.971000+00:00,daily,1.0,https://www.royco.co.id/sitemap.xml,0.1652364730834961,2022-07-21 07:52:26.256918+00:00
https://www.royco.co.id/Ide-Resep/hot-dog-ubi-tempe.html,2022-07-13 09:16:32.927000+00:00,daily,1.0,https://www.royco.co.id/sitemap.xml,0.1652364730834961,2022-07-21 07:52:26.256918+00:00
https://www.royco.co.id/Ide-Resep/lodeh-ubi-kuning.html,2022-07-13 09:16:33.907000+00:00,daily,1.0,https://www.royco.co.id/sitemap.xml,0.1652364730834961,2022-07-21 07:52:26.256918+00:00
https://www.royco.co.id/Ide-Resep/sop-bakso-bayam.html,2022-07-13 09:16:34.853000+00:00,daily,1.0,https://www.royco.co.id/sitemap.xml,0.1652364730834961,2022-07-21 07:52:26.256918+00:00
https://www.royco.co.id/Ide-Resep/sambel-kuning-tempe.html,2022-07-13 09:16:35.887000+00:00,daily,1.0,https://www.royco.co.id/sitemap.xml,0.1652364730834961,2022-07-21 07:52:26.256918+00:00
https://www.royco.co.id/Ide-Resep/dadar-tempe.html,2022-07-13 09:16:36.874000+00:00,daily,1.0,https://www.royco.co.id/sitemap.xml,0.1652364730834961,2022-07-21 07:52:26.256918+00:00
https://www.royco.co.id/Ide-Resep/sambal-godog-ubi-ungu.html,2022-07-13 09:16:37.887000+00:00,daily,1.0,https://www.royco.co.id/sitemap.xml,0.1652364730834961,2022-07-21 07:52:26.256918+00:00
https://www.royco.co.id/Ide-Resep/urap-sayur-bayam.html,2022-07-13 09:16:38.856000+00:00,daily,1.0,https://www.royco.co.id/sitemap.xml,0.1652364730834961,2022-07-21 07:52:26.256918+00:00
https://www.royco.co.id/Ide-Resep/brongkos-ayam-kacang-merah.html,2022-07-13 09:16:39.840000+00:00,daily,1.0,https://www.royco.co.id/sitemap.xml,0.1652364730834961,2022-07-21 07:52:26.256918+00:00
https://www.royco.co.id/Ide-Resep/soto-bandung.html,2022-07-13 09:16:41.540000+00:00,daily,1.0,https://www.royco.co.id/sitemap.xml,0.1652364730834961,2022-07-21 07:52:26.256918+00:00
https://www.royco.co.id/Ide-Resep/ikan-woku-kacang-hijau.html,2022-07-13 09:16:42.765000+00:00,daily,1.0,https://www.royco.co.id/sitemap.xml,0.1652364730834961,2022-07-21 07:52:26.256918+00:00
https://www.royco.co.id/Ide-Resep/sop-ikan-daun-kelor.html,2022-07-13 09:16:44.464000+00:00,daily,1.0,https://www.royco.co.id/sitemap.xml,0.1652364730834961,2022-07-21 07:52:26.256918+00:00
https://www.royco.co.id/Ide-Resep/pindang-sapi-kelor.html,2022-07-13 09:16:45.885000+00:00,daily,1.0,https://www.royco.co.id/sitemap.xml,0.1652364730834961,2022-07-21 07:52:26.256918+00:00
https://www.royco.co.id/Ide-Resep/sate-tempe-manis.html,2022-07-13 09:16:47.046000+00:00,daily,1.0,https://www.royco.co.id/sitemap.xml,0.1652364730834961,2022-07-21 07:52:26.256918+00:00
https://www.royco.co.id/Ide-Resep/semur-ayam.html,2022-07-13 09:16:48.034000+00:00,daily,1.0,https://www.royco.co.id/sitemap.xml,0.1652364730834961,2022-07-21 07:52:26.256918+00:00
https://www.royco.co.id/Ide-Resep/bothok-tempe.html,2022-07-13 09:16:51.724000+00:00,daily,1.0,https://www.royco.co.id/sitemap.xml,0.1652364730834961,2022-07-21 07:52:26.256918+00:00
https://www.royco.co.id/Ide-Resep/sambel-goreng-kentang-daging.html,2022-07-13 09:16:52.654000+00:00,daily,1.0,https://www.royco.co.id/sitemap.xml,0.1652364730834961,2022-07-21 07:52:26.256918+00:00
"https://www.royco.co.id/Ide-Resep/opor-bakso-tahu,-wortel-dan-kentang.html",2022-07-13 09:16:53.615000+00:00,daily,1.0,https://www.royco.co.id/sitemap.xml,0.1652364730834961,2022-07-21 07:52:26.256918+00:00
https://www.royco.co.id/Ide-Resep/opor-kuning-nangka-muda.html,2022-07-13 09:16:54.584000+00:00,daily,1.0,https://www.royco.co.id/sitemap.xml,0.1652364730834961,2022-07-21 07:52:26.256918+00:00
https://www.royco.co.id/Ide-Resep/semur-ayam-kentang-wortel.html,2022-07-13 09:16:55.540000+00:00,daily,1.0,https://www.royco.co.id/sitemap.xml,0.1652364730834961,2022-07-21 07:52:26.256918+00:00
https://www.royco.co.id/Ide-Resep/cireng-telur-asin.html,2022-07-13 09:16:56.521000+00:00,daily,1.0,https://www.royco.co.id/sitemap.xml,0.1652364730834961,2022-07-21 07:52:26.256918+00:00
https://www.royco.co.id/Ide-Resep/tahu-isi-moringa.html,2022-07-13 09:16:57.548000+00:00,daily,1.0,https://www.royco.co.id/sitemap.xml,0.1652364730834961,2022-07-21 07:52:26.256918+00:00
https://www.royco.co.id/Ide-Resep/kerak-tempe-telur-asin.html,2022-07-13 09:16:58.542000+00:00,daily,1.0,https://www.royco.co.id/sitemap.xml,0.1652364730834961,2022-07-21 07:52:26.256918+00:00
https://www.royco.co.id/Ide-Resep/bola-bola-tempe-krispi.html,2022-07-13 09:16:59.601000+00:00,daily,1.0,https://www.royco.co.id/sitemap.xml,0.1652364730834961,2022-07-21 07:52:26.256918+00:00
https://www.royco.co.id/Ide-Resep/sei-jamur-tempe.html,2022-07-13 09:17:00.563000+00:00,daily,1.0,https://www.royco.co.id/sitemap.xml,0.1652364730834961,2022-07-21 07:52:26.256918+00:00
https://www.royco.co.id/Ide-Resep/sup-kelor-jagung.html,2022-07-13 09:17:01.513000+00:00,daily,1.0,https://www.royco.co.id/sitemap.xml,0.1652364730834961,2022-07-21 07:52:26.256918+00:00
https://www.royco.co.id/Ide-Resep/nugget-tempe.html,2022-07-13 09:17:02.595000+00:00,daily,1.0,https://www.royco.co.id/sitemap.xml,0.1652364730834961,2022-07-21 07:52:26.256918+00:00
https://www.royco.co.id/Ide-Resep/sup-krim-kepiting-jagung.html,2022-07-13 09:17:03.605000+00:00,daily,1.0,https://www.royco.co.id/sitemap.xml,0.1652364730834961,2022-07-21 07:52:26.256918+00:00
https://www.royco.co.id/Ide-Resep/salted-egg-carbonara.html,2022-07-13 09:17:04.569000+00:00,daily,1.0,https://www.royco.co.id/sitemap.xml,0.1652364730834961,2022-07-21 07:52:26.256918+00:00
https://www.royco.co.id/Ide-Resep/mun-tahu-sup-krim-kepiting-jagung.html,2022-07-13 09:17:05.529000+00:00,daily,1.0,https://www.royco.co.id/sitemap.xml,0.1652364730834961,2022-07-21 07:52:26.256918+00:00
https://www.royco.co.id/Ide-Resep/jamur-crispy-saus-telur-asin.html,2022-07-13 09:17:06.526000+00:00,daily,1.0,https://www.royco.co.id/sitemap.xml,0.1652364730834961,2022-07-21 07:52:26.256918+00:00
https://www.royco.co.id/Ide-Resep/royco-ayam-saus-telur-asin.html,2022-07-13 09:17:07.563000+00:00,daily,1.0,https://www.royco.co.id/sitemap.xml,0.1652364730834961,2022-07-21 07:52:26.256918+00:00
https://www.royco.co.id/Ide-Resep/sup-krim-kepiting-jagung-brokoli.html,2022-07-13 09:17:14.276000+00:00,daily,1.0,https://www.royco.co.id/sitemap.xml,0.1652364730834961,2022-07-21 07:52:26.256918+00:00
https://www.royco.co.id/Ide-Resep/fettucini-brocoli-saus-jagung.html,2022-07-13 09:17:15.484000+00:00,daily,1.0,https://www.royco.co.id/sitemap.xml,0.1652364730834961,2022-07-21 07:52:26.256918+00:00
https://www.royco.co.id/Ide-Resep/tempe-fries.html,2022-07-13 09:17:16.504000+00:00,daily,1.0,https://www.royco.co.id/sitemap.xml,0.1652364730834961,2022-07-21 07:52:26.256918+00:00
https://www.royco.co.id/Ide-Resep/ayam-goreng-saus-wijen.html,2022-07-13 09:17:17.473000+00:00,daily,1.0,https://www.royco.co.id/sitemap.xml,0.1652364730834961,2022-07-21 07:52:26.256918+00:00
https://www.royco.co.id/Ide-Resep/tahu-sayur-kukus.html,2022-07-13 09:17:18.468000+00:00,daily,1.0,https://www.royco.co.id/sitemap.xml,0.1652364730834961,2022-07-21 07:52:26.256918+00:00
https://www.royco.co.id/Ide-Resep/kembung-tauco-bakar.html,2022-07-13 09:17:19.452000+00:00,daily,1.0,https://www.royco.co.id/sitemap.xml,0.1652364730834961,2022-07-21 07:52:26.256918+00:00
https://www.royco.co.id/Ide-Resep/cah-gulai-bok-choy.html,2022-07-13 09:17:20.481000+00:00,daily,1.0,https://www.royco.co.id/sitemap.xml,0.1652364730834961,2022-07-21 07:52:26.256918+00:00
https://www.royco.co.id/Ide-Resep/resep-bulgur-and-quinoa-future50foods.html,2022-07-13 09:17:21.548000+00:00,daily,1.0,https://www.royco.co.id/sitemap.xml,0.1652364730834961,2022-07-21 07:52:26.256918+00:00
https://www.royco.co.id/Ide-Resep/resep-ikan-tuna-kuah-kuning-okra.html,2022-07-13 09:17:22.518000+00:00,daily,1.0,https://www.royco.co.id/sitemap.xml,0.1652364730834961,2022-07-21 07:52:26.256918+00:00
https://www.royco.co.id/Ide-Resep/ayam-goreng-korea.html,2022-07-13 09:17:23.551000+00:00,daily,1.0,https://www.royco.co.id/sitemap.xml,0.1652364730834961,2022-07-21 07:52:26.256918+00:00
https://www.royco.co.id/Ide-Resep/sambal-goreng-ati.html,2022-07-13 09:17:24.598000+00:00,daily,1.0,https://www.royco.co.id/sitemap.xml,0.1652364730834961,2022-07-21 07:52:26.256918+00:00
https://www.royco.co.id/Ide-Resep/bistik-ayam.html,2022-07-13 09:17:25.759000+00:00,daily,1.0,https://www.royco.co.id/sitemap.xml,0.1652364730834961,2022-07-21 07:52:26.256918+00:00
https://www.royco.co.id/Ide-Resep/tumis-tahu-daging-cincang.html,2022-07-13 09:17:26.800000+00:00,daily,1.0,https://www.royco.co.id/sitemap.xml,0.1652364730834961,2022-07-21 07:52:26.256918+00:00
https://www.royco.co.id/Ide-Resep/ayam-goreng-lengkuas.html,2022-07-13 09:17:27.784000+00:00,daily,1.0,https://www.royco.co.id/sitemap.xml,0.1652364730834961,2022-07-21 07:52:26.256918+00:00
https://www.royco.co.id/Ide-Resep/sup-ayam-macaroni.html,2022-07-13 09:17:28.792000+00:00,daily,1.0,https://www.royco.co.id/sitemap.xml,0.1652364730834961,2022-07-21 07:52:26.256918+00:00
https://www.royco.co.id/Ide-Resep/ikan-kakap-saus-tiram.html,2022-07-13 09:17:29.716000+00:00,daily,1.0,https://www.royco.co.id/sitemap.xml,0.1652364730834961,2022-07-21 07:52:26.256918+00:00
https://www.royco.co.id/Ide-Resep/bakwan-tahu.html,2022-07-13 09:17:30.664000+00:00,daily,1.0,https://www.royco.co.id/sitemap.xml,0.1652364730834961,2022-07-21 07:52:26.256918+00:00
https://www.royco.co.id/Ide-Resep/selada-air-oseng-jamur-kuping.html,2022-07-13 09:17:31.707000+00:00,daily,1.0,https://www.royco.co.id/sitemap.xml,0.1652364730834961,2022-07-21 07:52:26.256918+00:00
https://www.royco.co.id/Ide-Resep/crackers-ragout-bayam.html,2022-07-13 09:17:32.672000+00:00,daily,1.0,https://www.royco.co.id/sitemap.xml,0.1652364730834961,2022-07-21 07:52:26.256918+00:00
https://www.royco.co.id/Ide-Resep/kroket-ubi-cilembu.html,2022-07-13 09:17:33.702000+00:00,daily,1.0,https://www.royco.co.id/sitemap.xml,0.1652364730834961,2022-07-21 07:52:26.256918+00:00
https://www.royco.co.id/Ide-Resep/gulai-tahu-kacang-ijo.html,2022-07-13 09:17:34.710000+00:00,daily,1.0,https://www.royco.co.id/sitemap.xml,0.1652364730834961,2022-07-21 07:52:26.256918+00:00
https://www.royco.co.id/Ide-Resep/kue-lumpur-gurih.html,2022-07-13 09:17:35.729000+00:00,daily,1.0,https://www.royco.co.id/sitemap.xml,0.1652364730834961,2022-07-21 07:52:26.256918+00:00
https://www.royco.co.id/Ide-Resep/tumis-kangkung.html,2022-07-13 09:17:36.867000+00:00,daily,1.0,https://www.royco.co.id/sitemap.xml,0.1652364730834961,2022-07-21 07:52:26.256918+00:00
https://www.royco.co.id/Ide-Resep/resep-opor-ayam.html,2022-07-13 09:17:37.863000+00:00,daily,1.0,https://www.royco.co.id/sitemap.xml,0.1652364730834961,2022-07-21 07:52:26.256918+00:00
https://www.royco.co.id/Ide-Resep/sosis-goreng-asam-manis.html,2022-07-13 09:17:38.937000+00:00,daily,1.0,https://www.royco.co.id/sitemap.xml,0.1652364730834961,2022-07-21 07:52:26.256918+00:00
https://www.royco.co.id/Ide-Resep/perkedel-jagung.html,2022-07-13 09:17:39.945000+00:00,daily,1.0,https://www.royco.co.id/sitemap.xml,0.1652364730834961,2022-07-21 07:52:26.256918+00:00
https://www.royco.co.id/Ide-Resep/resep-soto-daging-sapi-lezat-ala-royco.html,2022-07-13 09:17:40.960000+00:00,daily,1.0,https://www.royco.co.id/sitemap.xml,0.1652364730834961,2022-07-21 07:52:26.256918+00:00
https://www.royco.co.id/Ide-Resep/nasi-kebuli.html,2022-07-13 09:17:41.934000+00:00,daily,1.0,https://www.royco.co.id/sitemap.xml,0.1652364730834961,2022-07-21 07:52:26.256918+00:00
https://www.royco.co.id/Ide-Resep/telur-dadar-tomat.html,2022-07-13 09:17:42.876000+00:00,daily,1.0,https://www.royco.co.id/sitemap.xml,0.1652364730834961,2022-07-21 07:52:26.256918+00:00
https://www.royco.co.id/Ide-Resep/resep-tumis-bayam-jagung-tahu.html,2022-07-13 09:17:43.849000+00:00,daily,1.0,https://www.royco.co.id/sitemap.xml,0.1652364730834961,2022-07-21 07:52:26.256918+00:00
https://www.royco.co.id/Ide-Resep/resep-cauliflower-pizza.html,2022-07-13 09:17:44.803000+00:00,daily,1.0,https://www.royco.co.id/sitemap.xml,0.1652364730834961,2022-07-21 07:52:26.256918+00:00
https://www.royco.co.id/Ide-Resep/sup-bola-ayam-sayuran.html,2022-07-13 09:17:45.853000+00:00,daily,1.0,https://www.royco.co.id/sitemap.xml,0.1652364730834961,2022-07-21 07:52:26.256918+00:00
https://www.royco.co.id/Ide-Resep/stik-ikan-renyah.html,2022-07-13 09:17:46.826000+00:00,daily,1.0,https://www.royco.co.id/sitemap.xml,0.1652364730834961,2022-07-21 07:52:26.256918+00:00
https://www.royco.co.id/Ide-Resep/sup-apel-ikan-patin.html,2022-07-13 09:17:47.893000+00:00,daily,1.0,https://www.royco.co.id/sitemap.xml,0.1652364730834961,2022-07-21 07:52:26.256918+00:00
https://www.royco.co.id/Ide-Resep/capcay-goreng-udang.html,2022-07-13 09:17:51.292000+00:00,daily,1.0,https://www.royco.co.id/sitemap.xml,0.1652364730834961,2022-07-21 07:52:26.256918+00:00
https://www.royco.co.id/Ide-Resep/rendang-sapi-royco.html,2022-07-13 09:17:52.376000+00:00,daily,1.0,https://www.royco.co.id/sitemap.xml,0.1652364730834961,2022-07-21 07:52:26.256918+00:00
https://www.royco.co.id/Ide-Resep/ayam-bumbu-rujak.html,2022-07-13 09:17:53.339000+00:00,daily,1.0,https://www.royco.co.id/sitemap.xml,0.1652364730834961,2022-07-21 07:52:26.256918+00:00
https://www.royco.co.id/Ide-Resep/steak-ayam.html,2022-07-13 09:17:54.256000+00:00,daily,1.0,https://www.royco.co.id/sitemap.xml,0.1652364730834961,2022-07-21 07:52:26.256918+00:00
https://www.royco.co.id/Ide-Resep/resep-telur-balado-hijau.html,2022-07-13 09:17:55.212000+00:00,daily,1.0,https://www.royco.co.id/sitemap.xml,0.1652364730834961,2022-07-21 07:52:26.256918+00:00
https://www.royco.co.id/Ide-Resep/ayam-rica-rica.html,2022-07-13 09:17:56.260000+00:00,daily,1.0,https://www.royco.co.id/sitemap.xml,0.1652364730834961,2022-07-21 07:52:26.256918+00:00
https://www.royco.co.id/Ide-Resep/bihun-goreng-ebi.html,2022-07-13 09:17:57.277000+00:00,daily,1.0,https://www.royco.co.id/sitemap.xml,0.1652364730834961,2022-07-21 07:52:26.256918+00:00
https://www.royco.co.id/Ide-Resep/sup-ayam-daun-kelor.html,2022-07-13 09:17:58.322000+00:00,daily,1.0,https://www.royco.co.id/sitemap.xml,0.1652364730834961,2022-07-21 07:52:26.256918+00:00
https://www.royco.co.id/Ide-Resep/tumis-bayam-tahu-jagung.html,2022-07-13 09:17:59.358000+00:00,daily,1.0,https://www.royco.co.id/sitemap.xml,0.1652364730834961,2022-07-21 07:52:26.256918+00:00
https://www.royco.co.id/Ide-Resep/empal-daging-manis-suwir.html,2022-07-19 16:59:13.963000+00:00,daily,1.0,https://www.royco.co.id/sitemap.xml,0.1652364730834961,2022-07-21 07:52:26.256918+00:00
https://www.royco.co.id/Ide-Resep/jamur-kancing-krispi.html,2022-07-19 16:59:14.341000+00:00,daily,1.0,https://www.royco.co.id/sitemap.xml,0.1652364730834961,2022-07-21 07:52:26.256918+00:00
https://www.royco.co.id/Ide-Resep/ayam-lodho-khas-tulungagung.html,2022-07-19 16:59:14.667000+00:00,daily,1.0,https://www.royco.co.id/sitemap.xml,0.1652364730834961,2022-07-21 07:52:26.256918+00:00
https://www.royco.co.id/Ide-Resep/tumis-daging-sapi-kailan.html,2022-07-13 09:18:02.970000+00:00,daily,1.0,https://www.royco.co.id/sitemap.xml,0.1652364730834961,2022-07-21 07:52:26.256918+00:00
https://www.royco.co.id/Ide-Resep/ikan-kuah-kuning-aromatik.html,2022-07-13 09:18:03.944000+00:00,daily,1.0,https://www.royco.co.id/sitemap.xml,0.1652364730834961,2022-07-21 07:52:26.256918+00:00
https://www.royco.co.id/Ide-Resep/ayam-pop-padang.html,2022-07-13 09:18:04.938000+00:00,daily,1.0,https://www.royco.co.id/sitemap.xml,0.1652364730834961,2022-07-21 07:52:26.256918+00:00
https://www.royco.co.id/Ide-Resep/tumis-cumi-jamur.html,2022-07-13 09:18:05.930000+00:00,daily,1.0,https://www.royco.co.id/sitemap.xml,0.1652364730834961,2022-07-21 07:52:26.256918+00:00
https://www.royco.co.id/Ide-Resep/ayam-bumbu-bali.html,2022-07-13 09:18:06.994000+00:00,daily,1.0,https://www.royco.co.id/sitemap.xml,0.1652364730834961,2022-07-21 07:52:26.256918+00:00
https://www.royco.co.id/Ide-Resep/gulai-daging-sapi.html,2022-07-19 16:59:15.640000+00:00,daily,1.0,https://www.royco.co.id/sitemap.xml,0.1652364730834961,2022-07-21 07:52:26.256918+00:00
https://www.royco.co.id/Ide-Resep/bistik-daging-sapi.html,2022-07-13 09:18:09.016000+00:00,daily,1.0,https://www.royco.co.id/sitemap.xml,0.1652364730834961,2022-07-21 07:52:26.256918+00:00
https://www.royco.co.id/Ide-Resep/cumi-saus-tiram.html,2022-07-13 09:18:09.976000+00:00,daily,1.0,https://www.royco.co.id/sitemap.xml,0.1652364730834961,2022-07-21 07:52:26.256918+00:00
https://www.royco.co.id/Ide-Resep/ayam-kukus-jahe-bawang-putih.html,2022-07-13 09:18:11.042000+00:00,daily,1.0,https://www.royco.co.id/sitemap.xml,0.1652364730834961,2022-07-21 07:52:26.256918+00:00
https://www.royco.co.id/Ide-Resep/soto-ayam-lamongan.html,2022-07-19 16:59:16.352000+00:00,daily,1.0,https://www.royco.co.id/sitemap.xml,0.1652364730834961,2022-07-21 07:52:26.256918+00:00
https://www.royco.co.id/Ide-Resep/ayam-saus-tiram.html,2022-07-13 09:18:13.122000+00:00,daily,1.0,https://www.royco.co.id/sitemap.xml,0.1652364730834961,2022-07-21 07:52:26.256918+00:00
https://www.royco.co.id/Ide-Resep/chicken-teriyaki.html,2022-07-19 16:59:16.869000+00:00,daily,1.0,https://www.royco.co.id/sitemap.xml,0.1652364730834961,2022-07-21 07:52:26.256918+00:00
https://www.royco.co.id/Ide-Resep/ayam-goreng-bawang-putih-praktis.html,2022-07-19 16:59:17.203000+00:00,daily,1.0,https://www.royco.co.id/sitemap.xml,0.1652364730834961,2022-07-21 07:52:26.256918+00:00
https://www.royco.co.id/Ide-Resep/steak-ayam-saus-tomat-rumahan.html,2022-07-19 16:59:17.574000+00:00,daily,1.0,https://www.royco.co.id/sitemap.xml,0.1652364730834961,2022-07-21 07:52:26.256918+00:00
https://www.royco.co.id/Ide-Resep/udang-asam-manis-jamur.html,2022-07-13 09:18:16.100000+00:00,daily,1.0,https://www.royco.co.id/sitemap.xml,0.1652364730834961,2022-07-21 07:52:26.256918+00:00
https://www.royco.co.id/Ide-Resep/udang-telur-asin-daun-kari.html,2022-07-13 09:18:17.092000+00:00,daily,1.0,https://www.royco.co.id/sitemap.xml,0.1652364730834961,2022-07-21 07:52:26.256918+00:00
https://www.royco.co.id/Ide-Resep/oseng-daging-mercon.html,2022-07-13 09:18:18.080000+00:00,daily,1.0,https://www.royco.co.id/sitemap.xml,0.1652364730834961,2022-07-21 07:52:26.256918+00:00
https://www.royco.co.id/Ide-Resep/puyunghai-seafood.html,2022-07-13 09:18:19.061000+00:00,daily,1.0,https://www.royco.co.id/sitemap.xml,0.1652364730834961,2022-07-21 07:52:26.256918+00:00
https://www.royco.co.id/Ide-Resep/lontong-kuah-daging-kacang-hijau.html,2022-07-13 09:18:20.064000+00:00,daily,1.0,https://www.royco.co.id/sitemap.xml,0.1652364730834961,2022-07-21 07:52:26.256918+00:00
https://www.royco.co.id/Ide-Resep/ayam-goreng-mentega.html,2022-07-14 09:09:33.693000+00:00,daily,1.0,https://www.royco.co.id/sitemap.xml,0.1652364730834961,2022-07-21 07:52:26.256918+00:00
https://www.royco.co.id/Ide-Resep/ayam-panggang-oven.html,2022-07-14 09:09:34.145000+00:00,daily,1.0,https://www.royco.co.id/sitemap.xml,0.1652364730834961,2022-07-21 07:52:26.256918+00:00
https://www.royco.co.id/Ide-Resep/ayam-bakar-madu.html,2022-07-14 09:09:35.136000+00:00,daily,1.0,https://www.royco.co.id/sitemap.xml,0.1652364730834961,2022-07-21 07:52:26.256918+00:00
https://www.royco.co.id/Ide-Resep/garang-asem-ayam-kampung.html,2022-07-14 09:09:35.616000+00:00,daily,1.0,https://www.royco.co.id/sitemap.xml,0.1652364730834961,2022-07-21 07:52:26.256918+00:00
https://www.royco.co.id/Ide-Resep/bakso-ubi-bayam.html,2022-07-13 09:18:25.157000+00:00,daily,1.0,https://www.royco.co.id/sitemap.xml,0.1652364730834961,2022-07-21 07:52:26.256918+00:00
https://www.royco.co.id/Ide-Resep/dadar-jamur-lipat.html,2022-07-13 09:18:26.179000+00:00,daily,1.0,https://www.royco.co.id/sitemap.xml,0.1652364730834961,2022-07-21 07:52:26.256918+00:00
https://www.royco.co.id/Ide-Resep/telur-dadar-padang-sayur.html,2022-07-13 09:18:27.269000+00:00,daily,1.0,https://www.royco.co.id/sitemap.xml,0.1652364730834961,2022-07-21 07:52:26.256918+00:00
https://www.royco.co.id/Ide-Resep/keroket-ayam-bayam.html,2022-07-13 09:18:28.319000+00:00,daily,1.0,https://www.royco.co.id/sitemap.xml,0.1652364730834961,2022-07-21 07:52:26.256918+00:00
https://www.royco.co.id/Ide-Resep/kol-gulung-tahu.html,2022-07-13 09:18:29.304000+00:00,daily,1.0,https://www.royco.co.id/sitemap.xml,0.1652364730834961,2022-07-21 07:52:26.256918+00:00
https://www.royco.co.id/Ide-Resep/tumis-sosis-kacang-merah.html,2022-07-13 09:18:30.263000+00:00,daily,1.0,https://www.royco.co.id/sitemap.xml,0.1652364730834961,2022-07-21 07:52:26.256918+00:00
https://www.royco.co.id/Ide-Resep/tempe-sambal-pencit-kelor.html,2022-07-13 09:18:31.279000+00:00,daily,1.0,https://www.royco.co.id/sitemap.xml,0.1652364730834961,2022-07-21 07:52:26.256918+00:00
https://www.royco.co.id/Ide-Resep/bakso-jamur-ayam.html,2022-07-13 09:18:32.325000+00:00,daily,1.0,https://www.royco.co.id/sitemap.xml,0.1652364730834961,2022-07-21 07:52:26.256918+00:00
https://www.royco.co.id/Ide-Resep/baked-sweet-potato-smoked-beef.html,2022-07-13 09:18:33.351000+00:00,daily,1.0,https://www.royco.co.id/sitemap.xml,0.1652364730834961,2022-07-21 07:52:26.256918+00:00
https://www.royco.co.id/Ide-Resep/bakwan-daun-kelor.html,2022-07-13 09:18:38.539000+00:00,daily,1.0,https://www.royco.co.id/sitemap.xml,0.1652364730834961,2022-07-21 07:52:26.256918+00:00
https://www.royco.co.id/Ide-Resep/loaded-purple-sweet-potato-skins.html,2022-07-13 09:18:34.337000+00:00,daily,1.0,https://www.royco.co.id/sitemap.xml,0.1652364730834961,2022-07-21 07:52:26.256918+00:00
https://www.royco.co.id/Ide-Resep/bitterballen-pokcoy-saus-telur-asin.html,2022-07-13 09:18:39.634000+00:00,daily,1.0,https://www.royco.co.id/sitemap.xml,0.1652364730834961,2022-07-21 07:52:26.256918+00:00
https://www.royco.co.id/Ide-Resep/pie-ragout-bayam-udang.html,2022-07-13 09:18:36.506000+00:00,daily,1.0,https://www.royco.co.id/sitemap.xml,0.1652364730834961,2022-07-21 07:52:26.256918+00:00
https://www.royco.co.id/Ide-Resep/penne-saus-telur-asin.html,2022-07-13 09:18:35.408000+00:00,daily,1.0,https://www.royco.co.id/sitemap.xml,0.1652364730834961,2022-07-21 07:52:26.256918+00:00
https://www.royco.co.id/Ide-Resep/brulee-bomb-kacang-merah.html,2022-07-13 09:18:37.536000+00:00,daily,1.0,https://www.royco.co.id/sitemap.xml,0.1652364730834961,2022-07-21 07:52:26.256918+00:00
https://www.royco.co.id/Ide-Resep/soto-daging-tahu-moringa.html,2022-07-19 01:02:06.741000+00:00,daily,1.0,https://www.royco.co.id/sitemap.xml,0.1652364730834961,2022-07-21 07:52:26.256918+00:00
https://www.royco.co.id/Ide-Resep/sup-iga-jamur-pedas.html,2022-07-19 01:02:07.181000+00:00,daily,1.0,https://www.royco.co.id/sitemap.xml,0.1652364730834961,2022-07-21 07:52:26.256918+00:00
